,y_true,y_pred
0,103.0,144.01639
1,143.0,145.32433
2,172.0,146.66463
3,327.0,147.85437
