,y_true,y_pred
0,51.0,71.78108
1,40.0,70.66343
2,34.0,69.31584
3,46.0,67.88456
