,y_true,y_pred
0,206.0,161.08195
1,251.0,161.17908
2,221.0,161.82411
3,170.0,162.9327
