,y_true,y_pred
0,67.0,63.236053
1,66.0,64.07643
2,149.0,64.717445
3,125.0,70.17975
