,y_true,y_pred
0,150.0,159.4452
1,172.0,158.34271
2,181.0,158.71925
3,178.0,158.91454
