,y_true,y_pred
0,44.0,67.97214
1,52.0,67.12884
2,57.0,67.74905
3,43.0,66.97236
