,y_true,y_pred
0,131.0,85.05861
1,89.0,82.59895
2,100.0,81.50142
3,104.0,78.33805
