,y_true,y_pred
0,267.0,166.12842
1,144.0,163.886
2,159.0,160.60385
3,156.0,161.30913
