,y_true,y_pred
0,18.0,28.526203
1,52.0,28.822931
2,23.0,28.460701
3,42.0,28.452707
