,y_true,y_pred
0,103.0,120.17991
1,104.0,121.972824
2,110.0,121.755066
3,110.0,120.93385
