,y_true,y_pred
0,48.0,69.3718
1,62.0,71.598526
2,60.0,70.67141
3,27.0,70.769936
