,y_true,y_pred
0,54.0,71.860954
1,56.0,72.5428
2,42.0,73.46748
3,37.0,71.093704
