,y_true,y_pred
0,103.0,105.428314
1,104.0,105.92038
2,110.0,107.76593
3,110.0,108.2102
