,y_true,y_pred
0,172.0,158.8809
1,173.0,161.92197
2,182.0,163.85553
3,180.0,166.11046
