,y_true,y_pred
0,267.0,149.01752
1,144.0,149.68188
2,159.0,153.48486
3,156.0,154.03568
