,y_true,y_pred
0,172.0,176.65796
1,173.0,184.93431
2,182.0,180.90309
3,180.0,175.21727
