,y_true,y_pred
0,54.0,59.94211
1,56.0,63.090275
2,42.0,61.10043
3,37.0,59.994076
