,y_true,y_pred
0,48.0,64.55343
1,62.0,64.05394
2,60.0,65.44011
3,27.0,65.89148
