,y_true,y_pred
0,103.0,119.02862
1,104.0,120.25231
2,110.0,119.50514
3,110.0,112.63314
