,y_true,y_pred
0,44.0,49.723743
1,52.0,55.627632
2,57.0,49.467857
3,43.0,51.21006
