,y_true,y_pred
0,16.000000000000007,36.426537
1,26.000000000000007,34.771286
2,40.0,35.106144
3,18.0,36.756657
