,y_true,y_pred
0,18.0,35.913277
1,52.0,36.689457
2,23.0,29.546402
3,42.0,34.4875
