,y_true,y_pred
0,16.000000000000007,33.83019
1,26.000000000000007,32.357704
2,40.0,18.186447
3,18.0,46.772774
