,y_true,y_pred
0,103.0,111.67927
1,104.0,107.54127
2,110.0,116.86474
3,110.0,114.262314
