,y_true,y_pred
0,140.0,62.52391
1,63.0,76.47185
2,83.0,75.53731
3,74.0,90.51696
