,y_true,y_pred
0,48.0,61.809574
1,62.0,55.94398
2,60.0,63.24141
3,27.0,62.74018
