,y_true,y_pred
0,9.0,29.646711
1,71.0,29.490112
2,19.0,33.303066
3,20.0,34.287334
