,y_true,y_pred
0,48.0,22.527943
1,62.0,27.131481
2,60.0,31.234447
3,27.0,29.12687
