,y_true,y_pred
0,9.0,23.70414
1,71.0,23.167994
2,19.0,26.322044
3,20.0,25.259386
