,y_true,y_pred
0,25.000000000000004,52.33645
1,114.0,49.044804
2,30.0,47.83831
3,28.0,49.454945
