,y_true,y_pred
0,267.0,109.59743
1,144.0,98.85919
2,159.0,113.53201
3,156.0,113.38727
