,y_true,y_pred
0,18.0,33.623955
1,52.0,33.334568
2,23.0,32.920322
3,42.0,32.868294
