,y_true,y_pred
0,16.000000000000007,33.89125
1,26.000000000000007,30.394104
2,40.0,28.852188
3,18.0,29.400852
