,y_true,y_pred
0,131.0,92.347015
1,89.0,96.28295
2,100.0,90.773506
3,104.0,88.562256
