,y_true,y_pred
0,25.000000000000004,35.439743
1,114.0,37.488495
2,30.0,58.38522
3,28.0,45.774117
