,y_true,y_pred
0,140.0,61.627766
1,63.0,72.97874
2,83.0,86.81262
3,74.0,90.39009
