,y_true,y_pred
0,140.0,111.467514
1,63.0,111.5005
2,83.0,111.81749
3,74.0,111.47267
