,y_true,y_pred
0,172.0,164.6432
1,173.0,164.55278
2,182.0,164.53627
3,180.0,164.66122
