,y_true,y_pred
0,172.0,162.81546
1,173.0,162.66365
2,182.0,162.77081
3,180.0,163.453
