,y_true,y_pred
0,44.0,50.39279
1,52.0,50.16417
2,57.0,50.781944
3,43.0,51.994804
