,y_true,y_pred
0,9.0,34.522057
1,71.0,33.7185
2,19.0,33.343624
3,20.0,36.441154
