,y_true,y_pred
0,9.0,31.129084
1,71.0,29.146883
2,19.0,32.727753
3,20.0,31.770103
