,y_true,y_pred
0,44.0,32.69914
1,52.0,42.268517
2,57.0,13.685894
3,43.0,22.37698
