,y_true,y_pred
0,131.0,65.43878
1,89.0,57.861042
2,100.0,63.21578
3,104.0,67.553055
