,y_true,y_pred
0,25.000000000000004,46.46302
1,114.0,47.872524
2,30.0,43.922356
3,28.0,46.761005
