,y_true,y_pred
0,54.0,59.92679
1,56.0,59.419605
2,42.0,60.031242
3,37.0,59.97702
