,y_true,y_pred
0,267.0,157.40771
1,144.0,162.00674
2,159.0,160.23615
3,156.0,159.18721
