,y_true,y_pred
0,16.000000000000007,39.37356
1,26.000000000000007,51.451294
2,40.0,41.04653
3,18.0,42.606827
