,y_true,y_pred
0,25.000000000000004,56.215595
1,114.0,55.160446
2,30.0,60.578312
3,28.0,56.53491
