,y_true,y_pred
0,18.0,27.367226
1,52.0,28.329042
2,23.0,28.285633
3,42.0,29.90801
