,y_true,y_pred
0,9.0,25.276052
1,71.0,25.348837
2,19.0,23.99542
3,20.0,23.522415
