,y_true,y_pred
0,54.0,59.4606
1,56.0,62.67478
2,42.0,60.153114
3,37.0,60.262344
