,y_true,y_pred
0,18.0,44.315815
1,52.0,41.22908
2,23.0,46.517227
3,42.0,44.91066
