,y_true,y_pred
0,103.0,117.44845
1,104.0,117.17731
2,110.0,117.1051
3,110.0,117.31093
