,y_true,y_pred
0,131.0,80.88865
1,89.0,87.885864
2,100.0,91.071976
3,104.0,98.61267
