,y_true,y_pred
0,140.0,60.072678
1,63.0,57.333736
2,83.0,75.17844
3,74.0,65.3919
