,y_true,y_pred
0,131.0,92.94478
1,89.0,93.05385
2,100.0,92.60414
3,104.0,92.46583
