,y_true,y_pred
0,48.0,63.221767
1,62.0,62.866096
2,60.0,63.36234
3,27.0,63.69151
