,y_true,y_pred
0,16.000000000000007,61.733994
1,26.000000000000007,62.753998
2,40.0,63.16977
3,18.0,69.272125
