,y_true,y_pred
0,44.0,54.304638
1,52.0,55.748825
2,57.0,57.592964
3,43.0,58.61731
