,y_true,y_pred
0,140.0,69.63766
1,63.0,70.40613
2,83.0,68.21421
3,74.0,72.33002
