,y_true,y_pred
0,172.0,181.70639
1,173.0,180.14056
2,182.0,181.10304
3,180.0,179.97452
