,y_true,y_pred
0,267.0,173.23816
1,144.0,171.18869
2,159.0,167.90616
3,156.0,165.52946
