,y_true,y_pred
0,25.000000000000004,60.13264
1,114.0,60.144844
2,30.0,60.569897
3,28.0,64.28203
