,y_true,y_pred
0,54.0,59.521107
1,56.0,59.399662
2,42.0,59.586983
3,37.0,59.664875
