,y_true,y_pred
0,71.0,70.87593
1,90.0,70.63345
2,76.0,70.41226
3,84.0,70.996765
