,y_true,y_pred
0,174.0,153.30742
1,215.0,154.60727
2,467.0,156.82176
3,375.0,159.7173
