,y_true,y_pred
0,55.0,86.36023
1,63.0,81.67068
2,78.0,85.19745
3,94.0,80.83859
