,y_true,y_pred
0,24.0,33.220055
1,33.0,32.025036
2,73.0,33.657097
3,63.0,36.257767
