,y_true,y_pred
0,93.0,128.1461
1,93.0,123.93231
2,123.0,131.64772
3,106.0,119.33143
