,y_true,y_pred
0,35.0,35.142757
1,35.0,36.563496
2,69.0,37.092636
3,22.0,33.349174
