,y_true,y_pred
0,24.0,34.929195
1,33.0,32.80967
2,73.0,30.616497
3,63.0,26.670406
