,y_true,y_pred
0,35.0,37.62963
1,35.0,40.101154
2,69.0,37.75411
3,22.0,39.77897
