,y_true,y_pred
0,232.0,184.73495
1,190.0,184.95323
2,207.0,184.09932
3,175.0,184.47435
