,y_true,y_pred
0,35.0,33.293518
1,35.0,33.383537
2,69.0,33.41719
3,22.0,34.74898
