,y_true,y_pred
0,65.0,53.610233
1,74.0,50.2662
2,322.0,38.412373
3,265.0,33.327602
