,y_true,y_pred
0,65.0,69.06101
1,74.0,71.28026
2,322.0,72.90141
3,265.0,67.52192
