,y_true,y_pred
0,40.0,55.462032
1,54.0,52.64603
2,102.0,55.600586
3,93.0,53.937885
