,y_true,y_pred
0,42.0,64.07069
1,49.0,58.289574
2,57.0,56.78005
3,45.0,57.232323
