,y_true,y_pred
0,42.0,43.062958
1,49.0,44.25689
2,57.0,43.69793
3,45.0,33.898407
