,y_true,y_pred
0,42.0,49.709724
1,62.0,49.318237
2,59.0,49.918396
3,41.0,50.669586
