,y_true,y_pred
0,42.0,52.10308
1,62.0,51.968735
2,59.0,51.840416
3,41.0,52.011868
