,y_true,y_pred
0,55.0,84.559456
1,63.0,83.97659
2,78.0,83.69496
3,94.0,81.083466
