,y_true,y_pred
0,55.0,87.662415
1,63.0,85.49317
2,78.0,86.76637
3,94.0,88.381996
