,y_true,y_pred
0,232.0,174.46986
1,190.0,174.63988
2,207.0,174.4361
3,175.0,174.89857
