,y_true,y_pred
0,45.0,76.493065
1,58.0,71.646126
2,78.0,70.47185
3,74.0,73.3063
