,y_true,y_pred
0,174.0,155.02719
1,215.0,156.37709
2,467.0,159.67886
3,375.0,153.55762
