,y_true,y_pred
0,232.0,187.89589
1,190.0,183.39893
2,207.0,178.38054
3,175.0,164.15883
