,y_true,y_pred
0,232.0,210.78096
1,190.0,211.94283
2,207.0,213.60458
3,175.0,217.84633
