,y_true,y_pred
0,65.0,92.001396
1,74.0,92.25262
2,322.0,92.37668
3,265.0,90.44838
