,y_true,y_pred
0,24.0,40.77307
1,33.0,40.50328
2,73.0,41.4437
3,63.0,40.552834
