,y_true,y_pred
0,55.0,84.61678
1,63.0,81.37485
2,78.0,78.53976
3,94.0,78.040344
