,y_true,y_pred
0,42.0,56.638714
1,62.0,58.52034
2,59.0,58.357025
3,41.0,60.889023
