,y_true,y_pred
0,174.0,152.97375
1,215.0,145.94603
2,467.0,137.95319
3,375.0,145.14456
