,y_true,y_pred
0,40.0,44.7066
1,54.0,44.464096
2,102.0,51.562027
3,93.0,48.490936
