,y_true,y_pred
0,24.0,40.313988
1,33.0,40.229797
2,73.0,40.798138
3,63.0,43.75116
