,y_true,y_pred
0,42.0,58.230568
1,62.0,54.949753
2,59.0,60.181538
3,41.0,55.306473
