,y_true,y_pred
0,42.0,55.003437
1,49.0,52.22042
2,57.0,51.74627
3,45.0,52.068024
