,y_true,y_pred
0,35.0,39.11457
1,35.0,39.09797
2,69.0,36.573853
3,22.0,37.22351
