,y_true,y_pred
0,45.0,69.802635
1,58.0,68.82764
2,78.0,68.63887
3,74.0,69.219376
