,y_true,y_pred
0,66.0,39.022297
1,80.0,27.966652
2,362.0,29.105392
3,226.0,45.75039
