,y_true,y_pred
0,65.0,63.200333
1,74.0,62.276505
2,322.0,61.66357
3,265.0,68.49065
