,y_true,y_pred
0,55.0,81.2655
1,63.0,81.95796
2,78.0,81.33251
3,94.0,80.6044
