,y_true,y_pred
0,45.0,73.67413
1,58.0,74.27267
2,78.0,71.71569
3,74.0,61.201332
