,y_true,y_pred
0,93.0,125.26194
1,93.0,125.107
2,123.0,125.00369
3,106.0,125.344765
