,y_true,y_pred
0,42.0,34.703087
1,49.0,31.726067
2,57.0,24.677483
3,45.0,12.011448
