,y_true,y_pred
0,232.0,210.77634
1,190.0,210.49562
2,207.0,210.35945
3,175.0,209.53532
