,y_true,y_pred
0,24.0,28.573029
1,33.0,26.903444
2,73.0,33.247272
3,63.0,34.35443
