,y_true,y_pred
0,174.0,148.78891
1,215.0,157.054
2,467.0,158.35529
3,375.0,167.5614
