,y_true,y_pred
0,40.0,45.049393
1,54.0,43.19572
2,102.0,52.04362
3,93.0,61.519844
