,y_true,y_pred
0,35.0,34.76519
1,35.0,34.49658
2,69.0,34.670994
3,22.0,34.571175
