,y_true,y_pred
0,40.0,52.781998
1,54.0,52.740284
2,102.0,53.16137
3,93.0,53.940895
