,y_true,y_pred
0,66.0,101.38851
1,80.0,97.69506
2,362.0,95.94439
3,226.0,92.28689
