,y_true,y_pred
0,66.0,98.47072
1,80.0,98.93818
2,362.0,99.5281
3,226.0,105.914474
