,y_true,y_pred
0,93.0,125.41066
1,93.0,125.31005
2,123.0,125.12925
3,106.0,125.07081
