,y_true,y_pred
0,42.0,56.300735
1,62.0,51.717728
2,59.0,51.191006
3,41.0,51.41016
