,y_true,y_pred
0,93.0,117.09347
1,93.0,120.012665
2,123.0,116.133224
3,106.0,116.96736
