,y_true,y_pred
0,174.0,184.36954
1,215.0,182.49211
2,467.0,182.62299
3,375.0,182.54524
