,y_true,y_pred
0,174.0,166.25414
1,215.0,167.94365
2,467.0,171.51508
3,375.0,173.9137
