,y_true,y_pred
0,93.0,132.15771
1,93.0,133.50021
2,123.0,132.77164
3,106.0,134.15114
