,y_true,y_pred
0,45.0,81.31289
1,58.0,80.216576
2,78.0,79.87945
3,74.0,70.894226
