,y_true,y_pred
0,45.0,77.22407
1,58.0,78.08516
2,78.0,77.19165
3,74.0,78.5162
