,y_true,y_pred
0,66.0,99.23152
1,80.0,101.69384
2,362.0,105.24378
3,226.0,103.36836
