,y_true,y_pred
0,40.0,58.875713
1,54.0,59.077972
2,102.0,61.5865
3,93.0,67.38483
