,y_true,y_pred
0,66.0,83.55146
1,80.0,83.42441
2,362.0,83.72827
3,226.0,86.19287
