,y_true,y_pred
0,65.0,45.718143
1,74.0,51.795155
2,322.0,57.997337
3,265.0,58.507397
