,y_true,y_pred
0,98.0,119.291664
1,107.0,119.12336
2,126.0,118.972595
3,129.0,120.17082
