,y_true,y_pred
0,47.0,35.32664
1,48.0,35.191837
2,38.0,34.892918
3,47.0,34.32257
