,y_true,y_pred
0,19.0,56.100094
1,22.0,54.057312
2,38.0,54.19654
3,75.0,55.389606
