,y_true,y_pred
0,21.0,26.56131
1,12.0,27.52785
2,24.0,27.91787
3,56.0,27.869589
