,y_true,y_pred
0,69.0,92.75793
1,66.0,92.403885
2,476.0,91.88778
3,46.0,98.976364
