,y_true,y_pred
0,74.0,65.71547
1,60.0,67.273636
2,68.0,68.256165
3,85.0,68.874084
