,y_true,y_pred
0,279.0,170.1141
1,145.0,171.53505
2,192.0,171.353
3,226.0,172.81696
