,y_true,y_pred
0,69.0,92.86878
1,66.0,90.56404
2,476.0,89.249245
3,46.0,94.54136
