,y_true,y_pred
0,98.0,103.30577
1,107.0,103.03423
2,126.0,106.09441
3,129.0,104.27161
