,y_true,y_pred
0,279.0,171.37242
1,145.0,171.67387
2,192.0,171.60614
3,226.0,171.19847
