,y_true,y_pred
0,69.0,112.57935
1,66.0,110.180824
2,476.0,107.23059
3,46.0,93.89939
