,y_true,y_pred
0,49.0,45.964874
1,36.0,45.134266
2,47.0,43.834152
3,53.0,43.869816
