,y_true,y_pred
0,74.0,56.380043
1,60.0,62.365307
2,68.0,38.51194
3,85.0,56.36623
