,y_true,y_pred
0,49.0,53.322357
1,36.0,51.71658
2,47.0,49.202152
3,53.0,48.843483
