,y_true,y_pred
0,49.0,48.96149
1,36.0,40.986332
2,47.0,38.50663
3,53.0,46.684074
