,y_true,y_pred
0,49.0,8.575329
1,36.0,22.327404
2,47.0,8.8093605
3,53.0,-0.040473938
