,y_true,y_pred
0,66.0,66.84418
1,50.0,68.01646
2,32.0,67.939354
3,50.0,67.45684
