,y_true,y_pred
0,19.0,52.595016
1,22.0,54.617985
2,38.0,63.04865
3,75.0,54.731533
