,y_true,y_pred
0,74.0,78.71946
1,60.0,81.24257
2,68.0,65.749
3,85.0,71.68397
