,y_true,y_pred
0,76.0,51.54522
1,77.0,43.39084
2,66.0,50.813725
3,84.0,43.94864
