,y_true,y_pred
0,143.0,156.95682
1,162.0,156.38399
2,585.9999999999999,156.15065
3,137.0,158.24863
