,y_true,y_pred
0,143.0,196.18678
1,162.0,199.00906
2,585.9999999999999,195.42216
3,137.0,203.85858
