,y_true,y_pred
0,143.0,155.60698
1,162.0,149.1714
2,585.9999999999999,150.39513
3,137.0,174.19017
