,y_true,y_pred
0,279.0,130.5371
1,145.0,127.6839
2,192.0,127.147934
3,226.0,128.95837
