,y_true,y_pred
0,66.0,57.125027
1,50.0,60.97826
2,32.0,62.918312
3,50.0,61.417927
