,y_true,y_pred
0,19.0,43.54959
1,22.0,29.870275
2,38.0,34.985706
3,75.0,29.381546
