,y_true,y_pred
0,19.0,60.922573
1,22.0,52.178284
2,38.0,62.658012
3,75.0,68.4745
