,y_true,y_pred
0,21.0,33.009655
1,12.0,25.680779
2,24.0,21.158333
3,56.0,24.642395
