,y_true,y_pred
0,64.0,86.33392
1,54.0,74.63655
2,265.0,80.271835
3,49.99999999999999,80.449356
