,y_true,y_pred
0,279.0,180.99916
1,145.0,180.99916
2,192.0,180.23863
3,226.0,180.99916
