,y_true,y_pred
0,21.0,23.38556
1,12.0,19.267721
2,24.0,20.444525
3,56.0,24.728104
