,y_true,y_pred
0,19.0,51.26334
1,22.0,42.56183
2,38.0,38.498566
3,75.0,39.078613
