,y_true,y_pred
0,66.0,51.18918
1,50.0,53.81153
2,32.0,53.465508
3,50.0,52.43697
