,y_true,y_pred
0,76.0,57.555557
1,77.0,54.742626
2,66.0,57.49322
3,84.0,54.155666
