,y_true,y_pred
0,74.0,53.706978
1,60.0,45.96148
2,68.0,40.157204
3,85.0,34.81975
