,y_true,y_pred
0,69.0,94.59803
1,66.0,94.54104
2,476.0,94.24569
3,46.0,103.39908
