,y_true,y_pred
0,47.0,30.136698
1,48.0,30.648825
2,38.0,31.115152
3,47.0,30.25406
