,y_true,y_pred
0,76.0,73.934456
1,77.0,70.68211
2,66.0,68.16854
3,84.0,65.63606
