,y_true,y_pred
0,47.0,24.5191
1,48.0,23.658085
2,38.0,23.921902
3,47.0,23.52388
