,y_true,y_pred
0,47.0,23.090061
1,48.0,23.306686
2,38.0,23.094637
3,47.0,23.584982
