,y_true,y_pred
0,143.0,143.86269
1,162.0,133.49585
2,585.9999999999999,133.0753
3,137.0,133.24265
