,y_true,y_pred
0,76.0,79.242256
1,77.0,79.21876
2,66.0,77.448845
3,84.0,76.186485
