,y_true,y_pred
0,98.0,133.77321
1,107.0,132.98178
2,126.0,129.47136
3,129.0,128.78783
