,y_true,y_pred
0,66.0,60.021973
1,50.0,58.649033
2,32.0,58.880726
3,50.0,59.127502
