,y_true,y_pred
0,64.0,76.57434
1,54.0,60.869064
2,265.0,56.136093
3,49.99999999999999,69.71329
