,y_true,y_pred
0,64.0,89.78675
1,54.0,89.60512
2,265.0,89.501144
3,49.99999999999999,91.328766
