,y_true,y_pred
0,74.0,55.98647
1,60.0,57.54659
2,68.0,58.310894
3,85.0,58.90407
