,y_true,y_pred
0,76.0,69.930244
1,77.0,64.65233
2,66.0,66.42831
3,84.0,65.02919
