,y_true,y_pred
0,279.0,180.3503
1,145.0,181.0695
2,192.0,179.90387
3,226.0,178.44115
