,y_true,y_pred
0,69.0,102.65207
1,66.0,104.11504
2,476.0,86.85185
3,46.0,103.341446
