,y_true,y_pred
0,21.0,23.649078
1,12.0,19.387222
2,24.0,21.400127
3,56.0,20.271223
