,y_true,y_pred
0,64.0,85.27588
1,54.0,85.81561
2,265.0,85.11815
3,49.99999999999999,73.05286
