,y_true,y_pred
0,143.0,146.38666
1,162.0,142.77748
2,585.9999999999999,146.22684
3,137.0,148.24509
