,y_true,y_pred
0,49.0,20.250721
1,36.0,30.772007
2,47.0,29.87331
3,53.0,38.022915
