,y_true,y_pred
0,21.0,19.219795
1,12.0,19.801706
2,24.0,20.493025
3,56.0,18.3592
