,y_true,y_pred
0,66.0,57.588646
1,50.0,59.36375
2,32.0,59.623276
3,50.0,58.69282
