,y_true,y_pred
0,98.0,124.66931
1,107.0,124.78019
2,126.0,124.34713
3,129.0,123.906425
