,y_true,y_pred
0,98.0,117.56494
1,107.0,117.601
2,126.0,117.59178
3,129.0,117.60135
