,y_true,y_pred
0,64.0,72.58207
1,54.0,73.14324
2,265.0,80.18544
3,49.99999999999999,71.89701
