,y_true,y_pred
0,47.0,34.500435
1,48.0,33.959393
2,38.0,34.05641
3,47.0,34.122955
