,y_true,y_pred
0,25.000000000000004,46.16714
1,114.0,47.183296
2,30.0,57.10473
3,28.0,49.970715
