,y_true,y_pred
0,96.0,72.54321
1,99.0,72.65054
2,86.0,72.91201
3,191.0,73.08852
