,y_true,y_pred
0,83.0,109.86818
1,42.0,117.34575
2,39.0,114.84974
3,45.0,113.28745
