,y_true,y_pred
0,21.0,23.014397
1,20.0,22.79915
2,29.0,24.51965
3,19.0,22.944336
