,y_true,y_pred
0,21.0,26.72732
1,20.0,26.67383
2,29.0,26.182623
3,19.0,21.337955
