,y_true,y_pred
0,178.0,205.2576
1,209.0,198.3451
2,203.0,193.94487
3,220.0,198.38664
