,y_true,y_pred
0,174.0,161.05878
1,120.0,161.0678
2,135.0,160.00179
3,165.0,159.1319
