,y_true,y_pred
0,83.0,61.496155
1,42.0,58.261734
2,39.0,50.337154
3,45.0,46.545296
