,y_true,y_pred
0,96.0,59.619007
1,99.0,67.51243
2,86.0,67.81023
3,191.0,63.424194
