,y_true,y_pred
0,120.0,121.880104
1,120.0,121.93937
2,86.0,123.22941
3,102.0,122.823326
