,y_true,y_pred
0,76.0,64.98907
1,30.0,55.67537
2,28.0,62.042747
3,50.0,59.926758
