,y_true,y_pred
0,120.0,122.42936
1,120.0,122.98532
2,86.0,121.80349
3,102.0,122.88867
