,y_true,y_pred
0,62.0,56.961384
1,48.0,54.357784
2,57.0,55.648396
3,51.0,55.698475
