,y_true,y_pred
0,58.0,73.71038
1,60.0,73.075836
2,57.0,74.88482
3,100.0,76.98602
