,y_true,y_pred
0,83.0,80.71505
1,42.0,75.45735
2,39.0,81.96843
3,45.0,70.461655
