,y_true,y_pred
0,46.0,34.018017
1,29.0,34.027225
2,37.0,34.504566
3,31.0,34.170834
