,y_true,y_pred
0,96.0,67.87738
1,99.0,63.978844
2,86.0,67.97025
3,191.0,71.88846
