,y_true,y_pred
0,120.0,122.205925
1,120.0,122.53097
2,86.0,122.7448
3,102.0,121.95152
