,y_true,y_pred
0,120.0,125.041046
1,120.0,123.10889
2,86.0,130.82024
3,102.0,131.04541
