,y_true,y_pred
0,68.0,66.51229
1,76.0,66.08165
2,54.0,67.86328
3,85.0,65.952774
