,y_true,y_pred
0,58.0,50.23404
1,60.0,50.25155
2,57.0,50.126343
3,100.0,49.700504
