,y_true,y_pred
0,58.0,54.833725
1,60.0,55.101017
2,57.0,55.437244
3,100.0,55.4086
