,y_true,y_pred
0,58.0,49.10313
1,60.0,53.70852
2,57.0,52.306633
3,100.0,58.204453
