,y_true,y_pred
0,68.0,53.68606
1,76.0,54.57209
2,54.0,58.64258
3,85.0,56.77789
