,y_true,y_pred
0,49.0,44.22535
1,59.0,43.654343
2,53.0,47.91947
3,57.0,51.99276
