,y_true,y_pred
0,178.0,165.47029
1,209.0,164.43886
2,203.0,165.01305
3,220.0,165.71884
