,y_true,y_pred
0,174.0,146.39648
1,120.0,144.30063
2,135.0,134.78922
3,165.0,140.19691
