,y_true,y_pred
0,49.0,54.590748
1,59.0,48.030174
2,53.0,60.70897
3,57.0,51.265816
