,y_true,y_pred
0,178.0,182.19756
1,209.0,181.5195
2,203.0,182.00131
3,220.0,181.98878
