,y_true,y_pred
0,76.0,87.96349
1,30.0,87.00863
2,28.0,83.62116
3,50.0,81.98787
