,y_true,y_pred
0,21.0,23.365402
1,20.0,24.510086
2,29.0,26.133198
3,19.0,27.14314
