,y_true,y_pred
0,76.0,90.25471
1,30.0,87.60687
2,28.0,86.38021
3,50.0,89.875786
