,y_true,y_pred
0,178.0,141.4635
1,209.0,143.54224
2,203.0,144.53546
3,220.0,141.26166
