,y_true,y_pred
0,174.0,168.71286
1,120.0,169.23865
2,135.0,161.38568
3,165.0,158.38724
