,y_true,y_pred
0,62.0,56.816055
1,48.0,57.332443
2,57.0,56.958183
3,51.0,57.21615
