,y_true,y_pred
0,21.0,21.256077
1,20.0,19.190554
2,29.0,22.29808
3,19.0,24.95477
