,y_true,y_pred
0,46.0,32.55873
1,29.0,33.017635
2,37.0,32.294476
3,31.0,32.680374
