,y_true,y_pred
0,68.0,65.971664
1,76.0,64.20899
2,54.0,64.92175
3,85.0,61.592804
