,y_true,y_pred
0,49.0,49.24159
1,59.0,48.608925
2,53.0,49.76786
3,57.0,48.556675
