,y_true,y_pred
0,46.0,34.172558
1,29.0,34.308155
2,37.0,34.057056
3,31.0,34.089466
