,y_true,y_pred
0,178.0,191.97586
1,209.0,186.06468
2,203.0,193.2463
3,220.0,193.92953
