,y_true,y_pred
0,62.0,52.464043
1,48.0,53.845207
2,57.0,56.467793
3,51.0,55.92704
