,y_true,y_pred
0,49.0,49.76854
1,59.0,50.700016
2,53.0,48.409782
3,57.0,48.408875
