,y_true,y_pred
0,76.0,93.78592
1,30.0,91.403175
2,28.0,88.63921
3,50.0,89.79071
