,y_true,y_pred
0,68.0,73.58986
1,76.0,70.622955
2,54.0,66.6702
3,85.0,69.72628
