,y_true,y_pred
0,174.0,178.1681
1,120.0,178.60889
2,135.0,172.85391
3,165.0,178.04367
