,y_true,y_pred
0,62.0,60.785587
1,48.0,60.8605
2,57.0,60.837288
3,51.0,60.822674
