,y_true,y_pred
0,120.0,122.61391
1,120.0,124.0191
2,86.0,125.03487
3,102.0,122.489624
