,y_true,y_pred
0,76.0,119.59054
1,30.0,114.58121
2,28.0,122.52673
3,50.0,122.39549
