,y_true,y_pred
0,83.0,79.97262
1,42.0,88.21855
2,39.0,83.943085
3,45.0,89.76361
