,y_true,y_pred
0,21.0,32.17787
1,20.0,27.943123
2,29.0,27.903603
3,19.0,29.989511
