,y_true,y_pred
0,83.0,99.00035
1,42.0,101.46291
2,39.0,101.422516
3,45.0,101.24396
