,y_true,y_pred
0,49.0,50.29622
1,59.0,53.537197
2,53.0,53.61789
3,57.0,48.34113
