,y_true,y_pred
0,68.0,68.67574
1,76.0,68.445435
2,54.0,68.59362
3,85.0,67.62236
