,y_true,y_pred
0,174.0,159.14189
1,120.0,175.31857
2,135.0,187.31836
3,165.0,167.2532
