,y_true,y_pred
0,46.0,33.321384
1,29.0,31.137177
2,37.0,32.012012
3,31.0,30.97477
