,y_true,y_pred
0,96.0,78.12208
1,99.0,75.511604
2,86.0,79.20824
3,191.0,74.851
