,y_true,y_pred
0,62.0,55.31955
1,48.0,54.407505
2,57.0,52.67822
3,51.0,51.846786
