,y_true,y_pred
0,58.0,79.91871
1,60.0,88.314125
2,57.0,83.40061
3,100.0,83.58684
