,y_true,y_pred
0,46.0,30.680798
1,29.0,32.464817
2,37.0,33.2659
3,31.0,34.436882
