,y_true,y_pred
0,24.0,51.155624
1,140.0,50.703056
2,129.0,53.631893
3,115.0,55.01438
