,y_true,y_pred
0,55.0,79.80548
1,63.0,79.48601
2,78.0,78.40625
3,94.0,77.56542
