,y_true,y_pred
0,189.0,158.18024
1,179.0,157.37216
2,165.0,156.35098
3,135.0,154.97537
