,y_true,y_pred
0,178.0,175.10724
1,192.0,174.59258
2,188.0,174.56969
3,172.0,174.36609
