,y_true,y_pred
0,278.0,77.8215
1,239.0,74.12204
2,75.0,74.26533
3,74.0,85.63131
