,y_true,y_pred
0,65.0,151.99556
1,201.0,149.92545
2,212.0,150.97888
3,186.0,150.75424
