,y_true,y_pred
0,263.0,64.586174
1,175.0,70.788506
2,70.0,78.90233
3,79.0,78.99237
