,y_true,y_pred
0,67.0,63.318462
1,66.0,64.02879
2,149.0,64.674034
3,125.0,67.41426
