,y_true,y_pred
0,172.0,165.27019
1,173.0,165.04745
2,182.0,164.97346
3,180.0,165.43073
