,y_true,y_pred
0,88.0,50.862
1,24.0,47.932262
2,16.0,41.834503
3,26.0,39.29146
