,y_true,y_pred
0,96.0,67.23391
1,99.0,67.99087
2,86.0,68.869675
3,191.0,69.10984
