,y_true,y_pred
0,88.0,73.22506
1,60.0,71.93444
2,89.0,71.93796
3,68.0,70.61768
