,y_true,y_pred
0,37.0,28.788136
1,19.000000000000007,27.531609
2,20.0,32.907547
3,22.0,37.78317
