,y_true,y_pred
0,175.0,162.40398
1,170.0,161.62955
2,166.0,160.7715
3,182.0,159.9992
