,y_true,y_pred
0,103.0,177.16826
1,143.0,187.17258
2,172.0,187.85913
3,327.0,176.64879
