,y_true,y_pred
0,47.0,32.53447
1,56.0,32.336502
2,15.0,32.017273
3,24.0,32.448368
