,y_true,y_pred
0,175.0,149.21996
1,170.0,148.52576
2,166.0,148.10468
3,182.0,147.7311
