,y_true,y_pred
0,88.0,45.7066
1,24.0,44.123672
2,16.0,35.67018
3,26.0,31.45178
