,y_true,y_pred
0,45.0,64.73058
1,41.0,66.3739
2,36.0,69.081924
3,37.0,70.19779
