,y_true,y_pred
0,37.0,53.59237
1,19.000000000000007,48.12207
2,20.0,43.353905
3,22.0,39.66925
