,y_true,y_pred
0,86.0,79.5423
1,104.0,82.46741
2,100.0,84.56763
3,142.0,87.76716
