,y_true,y_pred
0,37.0,93.11402
1,60.0,86.057785
2,57.0,105.37846
3,123.0,91.30579
