,y_true,y_pred
0,45.0,58.466396
1,41.0,57.548813
2,36.0,56.15888
3,37.0,55.85384
