,y_true,y_pred
0,51.0,78.20387
1,40.0,78.900764
2,34.0,75.07577
3,46.0,81.050446
