,y_true,y_pred
0,86.0,93.33743
1,104.0,93.35652
2,100.0,93.19338
3,142.0,93.02884
