,y_true,y_pred
0,51.0,34.075638
1,40.0,41.927746
2,34.0,33.577206
3,46.0,27.821537
