,y_true,y_pred
0,103.0,156.89928
1,143.0,160.3871
2,172.0,160.42215
3,327.0,186.90642
