,y_true,y_pred
0,88.0,58.754063
1,24.0,57.84673
2,16.0,48.439796
3,26.0,42.47112
