,y_true,y_pred
0,58.0,25.859917
1,13.0,24.278786
2,12.0,19.352234
3,12.0,18.658615
