,y_true,y_pred
0,175.0,166.6949
1,170.0,163.22144
2,166.0,150.56516
3,182.0,158.43456
