,y_true,y_pred
0,108.0,115.10697
1,99.0,115.69857
2,100.0,117.07068
3,127.0,118.081985
