,y_true,y_pred
0,37.0,75.77079
1,60.0,74.76056
2,57.0,94.73041
3,123.0,92.92133
