,y_true,y_pred
0,88.0,49.639935
1,24.0,52.874027
2,16.0,45.43271
3,26.0,40.43626
