,y_true,y_pred
0,86.0,84.31409
1,104.0,84.80512
2,100.0,85.55783
3,142.0,88.71581
