,y_true,y_pred
0,47.0,34.83019
1,56.0,34.881355
2,15.0,35.17199
3,24.0,34.65521
