,y_true,y_pred
0,58.0,30.47993
1,13.0,31.318426
2,12.0,32.230145
3,12.0,29.459661
