,y_true,y_pred
0,45.0,67.917984
1,41.0,67.8184
2,36.0,70.46477
3,37.0,72.225296
