,y_true,y_pred
0,47.0,38.070145
1,56.0,35.38908
2,15.0,29.742697
3,24.0,24.029015
