,y_true,y_pred
0,108.0,111.99149
1,99.0,112.28915
2,100.0,106.298615
3,127.0,109.96131
