,y_true,y_pred
0,80.0,69.914185
1,43.0,71.62956
2,55.0,66.873146
3,46.0,69.34061
