,y_true,y_pred
0,37.0,83.22971
1,60.0,83.40898
2,57.0,85.9335
3,123.0,87.02741
