,y_true,y_pred
0,51.0,70.41209
1,40.0,63.233093
2,34.0,55.90599
3,46.0,48.936874
