,y_true,y_pred
0,80.0,65.32348
1,43.0,63.73962
2,55.0,64.979
3,46.0,65.27803
