,y_true,y_pred
0,86.0,89.6289
1,104.0,89.06312
2,100.0,88.51471
3,142.0,88.42391
