,y_true,y_pred
0,47.0,33.983543
1,56.0,33.633183
2,15.0,31.743036
3,24.0,28.647642
