,y_true,y_pred
0,45.0,57.34796
1,41.0,60.41746
2,36.0,61.42858
3,37.0,60.61329
