,y_true,y_pred
0,108.0,118.25954
1,99.0,119.13436
2,100.0,118.9072
3,127.0,118.87549
