,y_true,y_pred
0,88.0,39.711617
1,24.0,40.297825
2,16.0,31.984093
3,26.0,31.273973
