,y_true,y_pred
0,108.0,118.4448
1,99.0,115.51287
2,100.0,110.1024
3,127.0,107.54279
