,y_true,y_pred
0,37.0,34.767834
1,19.000000000000007,30.79285
2,20.0,38.338238
3,22.0,47.248177
