,y_true,y_pred
0,86.0,94.92513
1,104.0,94.916756
2,100.0,93.45378
3,142.0,93.11368
