,y_true,y_pred
0,45.0,59.450054
1,41.0,59.23579
2,36.0,59.01311
3,37.0,58.7867
