,y_true,y_pred
0,37.0,55.23282
1,19.000000000000007,51.979725
2,20.0,45.875313
3,22.0,40.343033
