,y_true,y_pred
0,58.0,31.88823
1,13.0,31.969854
2,12.0,30.413784
3,12.0,30.677227
