,y_true,y_pred
0,88.0,67.193924
1,24.0,69.39456
2,16.0,47.712944
3,26.0,33.374912
