,y_true,y_pred
0,103.0,158.97063
1,143.0,155.84106
2,172.0,167.5967
3,327.0,179.88902
