,y_true,y_pred
0,58.0,25.33299
1,13.0,21.553095
2,12.0,16.417267
3,12.0,12.93095
