,y_true,y_pred
0,103.0,147.81621
1,143.0,148.91931
2,172.0,151.4989
3,327.0,152.7361
