,y_true,y_pred
0,51.0,74.0882
1,40.0,71.75429
2,34.0,68.9307
3,46.0,66.04792
