,y_true,y_pred
0,80.0,66.326675
1,43.0,80.51306
2,55.0,84.55262
3,46.0,84.03083
