,y_true,y_pred
0,37.0,39.886463
1,19.000000000000007,39.33358
2,20.0,32.040966
3,22.0,33.837494
