,y_true,y_pred
0,37.0,87.25391
1,60.0,87.70755
2,57.0,88.09913
3,123.0,88.894356
