,y_true,y_pred
0,51.0,56.761494
1,40.0,60.364544
2,34.0,58.202385
3,46.0,58.943108
