,y_true,y_pred
0,175.0,142.28499
1,170.0,140.99939
2,166.0,151.94174
3,182.0,163.3013
