,y_true,y_pred
0,47.0,34.215927
1,56.0,36.181606
2,15.0,32.65769
3,24.0,32.35416
