,y_true,y_pred
0,37.0,65.67282
1,60.0,77.15842
2,57.0,97.621956
3,123.0,108.33922
