,y_true,y_pred
0,108.0,129.44003
1,99.0,131.05713
2,100.0,127.03119
3,127.0,126.753914
