,y_true,y_pred
0,103.0,144.75244
1,143.0,143.80283
2,172.0,144.435
3,327.0,145.92442
