,y_true,y_pred
0,80.0,77.16309
1,43.0,75.380066
2,55.0,68.953964
3,46.0,65.032104
