,y_true,y_pred
0,175.0,162.8609
1,170.0,163.46255
2,166.0,163.72913
3,182.0,163.52635
