,y_true,y_pred
0,58.0,25.322021
1,13.0,24.610048
2,12.0,20.259453
3,12.0,15.571869
