,y_true,y_pred
0,80.0,76.87557
1,43.0,76.27831
2,55.0,75.05158
3,46.0,73.73965
