,y_true,y_pred
0,232.0,186.0445
1,190.0,185.99867
2,207.0,185.62929
3,175.0,185.81508
