,y_true,y_pred
0,174.0,154.74287
1,120.0,154.50113
2,135.0,154.63126
3,165.0,155.41899
