,y_true,y_pred
0,143.0,158.18729
1,162.0,155.61452
2,585.9999999999999,156.34799
3,137.0,167.08472
