,y_true,y_pred
0,175.0,164.96579
1,170.0,164.82991
2,166.0,164.61884
3,182.0,164.3363
