,y_true,y_pred
0,151.0,150.30025
1,143.0,149.6176
2,184.0,148.7739
3,190.0,149.25462
