,y_true,y_pred
0,189.0,162.16437
1,179.0,160.96907
2,165.0,159.60678
3,135.0,158.01556
