,y_true,y_pred
0,175.0,171.01099
1,170.0,170.64589
2,166.0,170.19153
3,182.0,169.71245
