,y_true,y_pred
0,96.0,96.97109
1,91.0,95.77817
2,106.0,94.57688
3,90.0,92.662094
