,y_true,y_pred
0,57.0,32.92615
1,60.0,37.41563
2,58.0,40.3062
3,47.0,42.49924
