,y_true,y_pred
0,48.0,34.564323
1,28.0,36.087955
2,35.0,35.060623
3,28.0,33.26924
