,y_true,y_pred
0,151.0,141.93478
1,143.0,149.73392
2,184.0,159.02783
3,190.0,157.54663
