,y_true,y_pred
0,69.0,68.01435
1,59.0,70.33816
2,68.0,71.0937
3,46.0,72.524864
