,y_true,y_pred
0,109.0,123.348465
1,121.0,124.77784
2,154.0,123.924736
3,121.0,122.31536
