,y_true,y_pred
0,33.0,37.925667
1,36.0,37.750008
2,66.0,38.88856
3,91.0,37.894653
