,y_true,y_pred
0,67.0,64.60468
1,49.0,66.97506
2,50.0,65.936035
3,44.0,65.88268
