,y_true,y_pred
0,33.0,69.43677
1,36.0,71.4741
2,66.0,72.91614
3,91.0,80.058975
