,y_true,y_pred
0,71.0,90.128975
1,70.0,87.73184
2,65.0,85.77861
3,86.0,84.42123
