,y_true,y_pred
0,69.0,32.07309
1,59.0,36.01626
2,68.0,35.999176
3,46.0,41.117577
