,y_true,y_pred
0,43.0,66.620865
1,36.0,61.697544
2,37.0,62.836586
3,32.0,62.343674
