,y_true,y_pred
0,109.0,115.561066
1,121.0,115.80497
2,154.0,116.27949
3,121.0,117.0409
