,y_true,y_pred
0,96.0,108.38283
1,91.0,109.66019
2,106.0,108.818665
3,90.0,107.33794
