,y_true,y_pred
0,48.0,37.66009
1,28.0,37.440674
2,35.0,35.42189
3,28.0,36.88449
