,y_true,y_pred
0,71.0,85.01017
1,70.0,84.95297
2,65.0,83.86106
3,86.0,82.11421
