,y_true,y_pred
0,71.0,97.88359
1,70.0,101.86371
2,65.0,98.90983
3,86.0,96.99541
