,y_true,y_pred
0,96.0,118.07998
1,91.0,122.055145
2,106.0,121.98724
3,90.0,118.82673
