,y_true,y_pred
0,11.0,17.233492
1,12.0,12.473185
2,47.0,15.815813
3,54.0,15.180765
