,y_true,y_pred
0,11.0,28.125452
1,12.0,28.360107
2,47.0,28.559422
3,54.0,28.62
