,y_true,y_pred
0,67.0,53.940624
1,49.0,54.65117
2,50.0,55.676754
3,44.0,56.14938
