,y_true,y_pred
0,43.0,34.842865
1,36.0,36.361835
2,37.0,36.74717
3,32.0,37.221146
