,y_true,y_pred
0,67.0,64.144165
1,49.0,63.759674
2,50.0,63.704987
3,44.0,63.737564
