,y_true,y_pred
0,33.0,55.24175
1,36.0,55.069386
2,66.0,55.102554
3,91.0,73.89032
