,y_true,y_pred
0,151.0,149.76636
1,143.0,148.69199
2,184.0,147.71304
3,190.0,148.73996
