,y_true,y_pred
0,190.0,175.0829
1,271.0,175.07883
2,263.0,175.7565
3,181.0,174.86502
