,y_true,y_pred
0,190.0,173.80798
1,271.0,159.80002
2,263.0,163.75447
3,181.0,166.48563
