,y_true,y_pred
0,190.0,165.93765
1,271.0,165.59015
2,263.0,162.94348
3,181.0,160.86954
