,y_true,y_pred
0,109.0,115.276024
1,121.0,115.390045
2,154.0,115.857475
3,121.0,117.31703
