,y_true,y_pred
0,96.0,100.38154
1,91.0,100.51733
2,106.0,103.442444
3,90.0,100.240974
