,y_true,y_pred
0,57.0,28.640297
1,60.0,28.924076
2,58.0,28.92699
3,47.0,28.883419
