,y_true,y_pred
0,57.0,50.083286
1,60.0,40.548363
2,58.0,38.37047
3,47.0,45.365925
