,y_true,y_pred
0,33.0,26.831789
1,36.0,25.200247
2,66.0,30.764416
3,91.0,33.60665
