,y_true,y_pred
0,43.0,41.488083
1,36.0,37.79312
2,37.0,38.874832
3,32.0,35.04107
