,y_true,y_pred
0,43.0,75.31516
1,36.0,82.956085
2,37.0,64.53841
3,32.0,76.00377
