,y_true,y_pred
0,67.0,59.670418
1,49.0,62.659473
2,50.0,61.02889
3,44.0,60.678432
