,y_true,y_pred
0,190.0,177.26768
1,271.0,169.90504
2,263.0,169.17961
3,181.0,169.31602
