,y_true,y_pred
0,151.0,201.04382
1,143.0,201.71478
2,184.0,217.1112
3,190.0,215.13333
