,y_true,y_pred
0,11.0,12.219849
1,12.0,7.02454
2,47.0,6.0953197
3,54.0,9.655819
