,y_true,y_pred
0,33.0,23.2342
1,36.0,20.208344
2,66.0,17.280201
3,91.0,21.663017
