,y_true,y_pred
0,71.0,59.13064
1,70.0,61.80826
2,65.0,71.030594
3,86.0,64.733734
