,y_true,y_pred
0,96.0,91.31565
1,91.0,91.189354
2,106.0,91.00985
3,90.0,91.15455
