,y_true,y_pred
0,109.0,117.309
1,121.0,109.58203
2,154.0,110.81386
3,121.0,111.47913
