,y_true,y_pred
0,43.0,42.665802
1,36.0,44.241776
2,37.0,44.17481
3,32.0,44.203598
