,y_true,y_pred
0,57.0,63.982307
1,60.0,73.36306
2,58.0,71.68176
3,47.0,66.74761
