,y_true,y_pred
0,67.0,58.318985
1,49.0,58.5484
2,50.0,60.14316
3,44.0,61.891846
