,y_true,y_pred
0,190.0,149.0081
1,271.0,152.57596
2,263.0,157.11627
3,181.0,158.2945
