,y_true,y_pred
0,11.0,38.50256
1,12.0,38.993397
2,47.0,38.504585
3,54.0,37.287292
