,y_true,y_pred
0,151.0,148.40665
1,143.0,147.83728
2,184.0,147.37433
3,190.0,146.49124
