,y_true,y_pred
0,69.0,63.3579
1,59.0,64.8578
2,68.0,65.06642
3,46.0,65.58709
