,y_true,y_pred
0,57.0,55.48568
1,60.0,51.239174
2,58.0,55.74115
3,47.0,40.065067
