,y_true,y_pred
0,151.0,169.45628
1,143.0,168.64041
2,184.0,190.49295
3,190.0,185.36588
