,y_true,y_pred
0,48.0,27.0236
1,28.0,33.713528
2,35.0,32.422092
3,28.0,31.816017
