,y_true,y_pred
0,71.0,135.19342
1,70.0,145.21045
2,65.0,144.8375
3,86.0,138.35938
