,y_true,y_pred
0,11.0,20.348446
1,12.0,17.979557
2,47.0,16.891087
3,54.0,21.41048
