,y_true,y_pred
0,48.0,34.095894
1,28.0,33.54883
2,35.0,32.92832
3,28.0,33.327812
