,y_true,y_pred
0,69.0,47.51231
1,59.0,49.72706
2,68.0,47.841602
3,46.0,55.25824
