,y_true,y_pred
0,109.0,112.009964
1,121.0,115.239006
2,154.0,115.256966
3,121.0,116.81347
