,y_true,y_pred
0,69.0,50.054054
1,59.0,54.512733
2,68.0,48.75406
3,46.0,48.429745
