,y_true,y_pred
0,48.0,32.26334
1,28.0,28.55768
2,35.0,28.270054
3,28.0,29.470139
