,y_true,y_pred
0,146.0,71.63077
1,60.0,74.477974
2,46.0,75.264145
3,69.0,74.225006
