,y_true,y_pred
0,51.0,67.502716
1,71.0,68.40595
2,66.0,71.86431
3,61.0,73.07875
