,y_true,y_pred
0,48.0,64.28223
1,62.0,63.636528
2,60.0,63.712864
3,27.0,63.763203
