,y_true,y_pred
0,48.0,52.827896
1,62.0,52.4785
2,60.0,54.453323
3,27.0,57.113716
