,y_true,y_pred
0,150.0,154.61963
1,172.0,154.9624
2,181.0,154.82303
3,178.0,154.67546
