,y_true,y_pred
0,183.0,148.76216
1,171.0,159.61314
2,446.0,160.11244
3,290.0,146.59259
