,y_true,y_pred
0,88.0,69.15315
1,60.0,69.1243
2,89.0,69.12457
3,68.0,69.01875
