,y_true,y_pred
0,96.0,68.90258
1,99.0,68.09259
2,86.0,67.85604
3,191.0,68.72701
