,y_true,y_pred
0,138.0,166.66222
1,119.0,164.13367
2,190.0,161.5209
3,130.0,161.47232
