,y_true,y_pred
0,105.0,44.807888
1,146.0,49.189484
2,22.0,54.1356
3,21.0,50.560215
