,y_true,y_pred
0,174.0,165.75256
1,120.0,166.02696
2,135.0,165.00516
3,165.0,163.79295
