,y_true,y_pred
0,172.0,167.83858
1,173.0,167.69711
2,182.0,167.55388
3,180.0,167.73987
