train_mae,train_rmse
58.21917808219178,120.5924871010026
