train_mae,train_rmse
14.013698630136986,18.68484111977495
