train_mae,train_rmse
37.1986301369863,86.2657966475293
