train_mae,train_rmse
51.69178082191781,119.19452846686528
