train_mae,train_rmse
19.431506849315067,31.186030416689537
