train_mae,train_rmse
28.958904109589042,39.876865267491176
