train_mae,train_rmse
13.349315068493151,19.955944628791624
