train_mae,train_rmse
29.958904109589042,61.6463622008853
