train_mae,train_rmse
17.541095890410958,23.34391475662091
