train_mae,train_rmse
26.575342465753426,41.46974470656164
