train_mae,train_rmse
38.486301369863014,74.97839871571414
