,y_true,y_pred
0,19.0,52.46239
1,22.0,53.710987
2,38.0,54.544502
3,75.0,54.770195
