,y_true,y_pred
0,138.0,160.49182
1,119.0,165.0794
2,190.0,167.27422
3,130.0,167.22902
