,y_true,y_pred
0,51.0,70.57872
1,40.0,68.0435
2,34.0,65.40189
3,46.0,63.181904
