,y_true,y_pred
0,269.0,180.12256
1,223.0,181.00017
2,211.0,179.66953
3,235.0,179.44392
