,y_true,y_pred
0,190.0,170.67632
1,271.0,171.07104
2,263.0,173.78014
3,181.0,174.28699
