,y_true,y_pred
0,279.0,169.37729
1,145.0,166.7858
2,192.0,170.33484
3,226.0,170.51398
