,y_true,y_pred
0,206.0,161.38338
1,251.0,162.53397
2,221.0,163.81319
3,170.0,164.2365
