train_mae,train_rmse
21.276315789473685,29.36902234811725
