train_mae,train_rmse
34.18421052631579,51.86318032751376
