train_mae,train_rmse
17.105263157894736,28.77498913987632
