train_mae,train_rmse
23.88157894736842,36.76078431097322
