train_mae,train_rmse
26.486842105263158,40.18264223320942
