train_mae,train_rmse
21.06578947368421,28.917532470985943
