train_mae,train_rmse
12.81578947368421,18.55149305950446
