,y_true,y_pred
0,269.0,179.71
1,223.0,180.5256
2,211.0,179.61263
3,235.0,178.94566
