,y_true,y_pred
0,69.0,61.32833
1,59.0,62.697678
2,68.0,62.87199
3,46.0,63.40912
