,y_true,y_pred
0,51.0,66.910355
1,71.0,67.198364
2,66.0,68.354355
3,61.0,68.644
