,y_true,y_pred
0,183.0,143.8765
1,171.0,149.5617
2,446.0,153.57144
3,290.0,143.64993
