,y_true,y_pred
0,76.0,76.972824
1,77.0,76.10387
2,66.0,74.682
3,84.0,73.27258
