,y_true,y_pred
0,47.0,53.5321
1,37.0,54.26785
2,99.0,54.996372
3,80.0,53.387707
