,y_true,y_pred
0,177.0,173.53229
1,204.0,172.49663
2,210.0,172.64429
3,213.0,172.92612
