,y_true,y_pred
0,180.0,150.33134
1,163.0,150.23306
2,164.0,150.17004
3,169.0,150.19533
