,y_true,y_pred
0,180.0,149.18658
1,163.0,149.61021
2,164.0,149.97269
3,169.0,150.36725
