,y_true,y_pred
0,178.0,186.70988
1,209.0,188.42435
2,203.0,188.70891
3,220.0,188.29681
