,y_true,y_pred
0,50.0,53.20139
1,48.0,56.889492
2,53.0,58.55743
3,48.0,55.599663
