,y_true,y_pred
0,53.0,104.25658
1,73.0,104.24529
2,94.0,103.115944
3,84.0,101.38588
