,y_true,y_pred
0,114.0,116.66827
1,106.0,114.884705
2,96.0,113.52431
3,107.0,111.77441
