,y_true,y_pred
0,45.0,43.598907
1,137.0,46.107574
2,122.0,49.228867
3,44.0,46.150475
