,y_true,y_pred
0,66.0,92.72858
1,64.0,92.43102
2,51.00000000000001,90.989716
3,62.0,89.87538
