,y_true,y_pred
0,80.0,62.35233
1,67.0,64.38902
2,72.0,63.651546
3,84.0,64.2873
