,y_true,y_pred
0,46.0,39.704918
1,64.0,38.906883
2,49.0,45.232944
3,59.0,41.278595
