,y_true,y_pred
0,25.0,27.644344
1,79.0,32.518154
2,49.0,31.158737
3,32.0,30.282234
