,y_true,y_pred
0,29.0,34.638275
1,122.0,39.950127
2,103.0,31.691694
3,27.0,35.488693
