,y_true,y_pred
0,80.0,64.66353
1,67.0,64.578636
2,72.0,63.947346
3,84.0,64.08708
