,y_true,y_pred
0,29.0,22.542904
1,122.0,20.648392
2,103.0,26.802917
3,27.0,26.79402
