,y_true,y_pred
0,114.0,115.78918
1,106.0,114.954704
2,96.0,114.819756
3,107.0,114.77461
