,y_true,y_pred
0,80.0,80.27088
1,67.0,79.147964
2,72.0,87.04605
3,84.0,79.106674
