,y_true,y_pred
0,269.0,182.51329
1,223.0,185.58789
2,211.0,183.96297
3,235.0,183.31372
