,y_true,y_pred
0,53.0,94.43258
1,73.0,96.86065
2,94.0,110.15556
3,84.0,99.96974
