,y_true,y_pred
0,71.0,81.65788
1,90.0,79.24492
2,76.0,75.30629
3,84.0,78.80866
