,y_true,y_pred
0,180.0,240.194
1,163.0,230.96274
2,164.0,229.06151
3,169.0,246.19102
