,y_true,y_pred
0,25.0,35.02629
1,79.0,34.712116
2,49.0,36.649223
3,32.0,36.199505
