,y_true,y_pred
0,66.0,96.31659
1,64.0,75.349594
2,51.00000000000001,98.5704
3,62.0,84.59078
