,y_true,y_pred
0,50.0,56.004887
1,48.0,56.396133
2,53.0,56.528297
3,48.0,56.767075
