,y_true,y_pred
0,114.0,120.86826
1,106.0,120.43301
2,96.0,119.70313
3,107.0,118.994606
