,y_true,y_pred
0,71.0,73.016045
1,90.0,70.54971
2,76.0,63.252117
3,84.0,73.09607
