,y_true,y_pred
0,180.0,164.42342
1,163.0,167.79782
2,164.0,169.10008
3,169.0,166.94136
