,y_true,y_pred
0,80.0,66.90316
1,67.0,72.259094
2,72.0,77.650734
3,84.0,68.727516
