,y_true,y_pred
0,66.0,94.668816
1,64.0,94.54976
2,51.00000000000001,94.47499
3,62.0,94.226906
