,y_true,y_pred
0,269.0,180.05258
1,223.0,180.05258
2,211.0,180.05258
3,235.0,180.05258
