,y_true,y_pred
0,80.0,82.99499
1,67.0,78.52464
2,72.0,70.454094
3,84.0,80.83101
