,y_true,y_pred
0,46.0,41.577957
1,64.0,32.377785
2,49.0,37.434265
3,59.0,43.444347
