,y_true,y_pred
0,46.0,42.737022
1,64.0,42.686058
2,49.0,43.256065
3,59.0,42.515186
