,y_true,y_pred
0,29.0,29.07484
1,122.0,25.455288
2,103.0,37.540955
3,27.0,26.307926
