,y_true,y_pred
0,269.0,210.27112
1,223.0,209.00766
2,211.0,215.84357
3,235.0,210.349
