,y_true,y_pred
0,50.0,61.069424
1,48.0,66.16857
2,53.0,64.29072
3,48.0,63.219425
