,y_true,y_pred
0,45.0,49.07027
1,137.0,50.294537
2,122.0,59.725677
3,44.0,62.41555
