,y_true,y_pred
0,46.0,32.788967
1,64.0,32.632256
2,49.0,34.821373
3,59.0,32.727333
