,y_true,y_pred
0,25.0,34.822186
1,79.0,34.297028
2,49.0,39.36954
3,32.0,38.719265
