,y_true,y_pred
0,53.0,87.04478
1,73.0,83.661896
2,94.0,89.82092
3,84.0,94.571335
