,y_true,y_pred
0,53.0,127.6863
1,73.0,126.75312
2,94.0,129.36874
3,84.0,132.77742
