,y_true,y_pred
0,45.0,51.340378
1,137.0,60.400917
2,122.0,60.976784
3,44.0,55.877193
