,y_true,y_pred
0,71.0,67.42634
1,90.0,67.255295
2,76.0,67.66101
3,84.0,68.06066
