,y_true,y_pred
0,53.0,102.401535
1,73.0,100.87948
2,94.0,102.62081
3,84.0,102.484764
