,y_true,y_pred
0,45.0,70.265045
1,137.0,68.79466
2,122.0,65.49856
3,44.0,67.44858
