,y_true,y_pred
0,50.0,59.34929
1,48.0,58.10342
2,53.0,56.04025
3,48.0,60.58766
