,y_true,y_pred
0,269.0,179.8286
1,223.0,182.83961
2,211.0,184.17662
3,235.0,184.80768
