,y_true,y_pred
0,114.0,124.72509
1,106.0,124.676
2,96.0,124.083916
3,107.0,123.66254
