,y_true,y_pred
0,46.0,39.281845
1,64.0,31.673264
2,49.0,46.95922
3,59.0,34.795105
