,y_true,y_pred
0,66.0,90.50246
1,64.0,74.48185
2,51.00000000000001,80.12774
3,62.0,87.076294
