,y_true,y_pred
0,25.0,36.184868
1,79.0,35.397343
2,49.0,36.255444
3,32.0,35.274433
