,y_true,y_pred
0,269.0,196.74316
1,223.0,197.87865
2,211.0,195.03743
3,235.0,197.44348
