,y_true,y_pred
0,25.0,34.690063
1,79.0,35.973633
2,49.0,37.203236
3,32.0,36.646927
