,y_true,y_pred
0,50.0,57.883785
1,48.0,58.088932
2,53.0,58.175114
3,48.0,58.412243
