,y_true,y_pred
0,71.0,68.91699
1,90.0,68.78865
2,76.0,70.24774
3,84.0,70.33966
