,y_true,y_pred
0,29.0,29.979258
1,122.0,28.154306
2,103.0,34.437378
3,27.0,29.859777
