,y_true,y_pred
0,71.0,52.787094
1,90.0,44.968292
2,76.0,36.691128
3,84.0,49.069374
