,y_true,y_pred
0,66.0,67.65939
1,64.0,73.81304
2,51.00000000000001,70.64754
3,62.0,65.87496
