,y_true,y_pred
0,180.0,169.00253
1,163.0,169.81929
2,164.0,169.4374
3,169.0,168.50333
