,y_true,y_pred
0,180.0,156.409
1,163.0,136.90211
2,164.0,121.02799
3,169.0,171.9963
