,y_true,y_pred
0,29.0,35.840477
1,122.0,36.82592
2,103.0,42.448185
3,27.0,42.35763
