,y_true,y_pred
0,45.0,59.014526
1,137.0,57.880016
2,122.0,60.415756
3,44.0,60.707077
