,y_true,y_pred
0,180.0,180.76962
1,163.0,179.68448
2,164.0,178.1435
3,169.0,176.6715
