,y_true,y_pred
0,114.0,125.86243
1,106.0,125.87086
2,96.0,125.77565
3,107.0,126.34086
