,y_true,y_pred
0,31.0,32.52246
1,31.0,32.621475
2,38.0,32.70214
3,44.0,32.70255
