,y_true,y_pred
0,11.0,30.417755
1,16.0,27.610952
2,71.0,27.473553
3,61.0,30.446112
