,y_true,y_pred
0,150.0,191.62367
1,172.0,197.4372
2,181.0,181.4901
3,178.0,181.79059
