,y_true,y_pred
0,263.0,56.493576
1,175.0,57.873528
2,70.0,58.875988
3,79.0,57.754066
