,y_true,y_pred
0,47.0,25.052654
1,37.0,22.422829
2,99.0,41.64419
3,80.0,43.383686
