,y_true,y_pred
0,59.0,101.04423
1,64.0,98.32581
2,57.0,96.98475
3,57.0,98.69532
