,y_true,y_pred
0,47.0,47.682167
1,37.0,44.566647
2,99.0,41.926952
3,80.0,47.182796
