,y_true,y_pred
0,11.0,26.885061
1,16.0,27.203577
2,71.0,27.900959
3,61.0,27.207542
