,y_true,y_pred
0,150.0,150.87434
1,172.0,158.7639
2,181.0,154.41139
3,178.0,144.70021
