,y_true,y_pred
0,177.0,170.73346
1,204.0,170.1164
2,210.0,170.47925
3,213.0,170.7657
