,y_true,y_pred
0,31.0,31.399387
1,31.0,31.298712
2,38.0,31.411154
3,44.0,31.439367
