,y_true,y_pred
0,31.0,28.344296
1,31.0,27.698479
2,38.0,28.660736
3,44.0,28.168083
