,y_true,y_pred
0,263.0,53.28665
1,175.0,76.24275
2,70.0,65.64339
3,79.0,58.552307
