,y_true,y_pred
0,150.0,157.86479
1,172.0,155.27469
2,181.0,154.0062
3,178.0,154.48476
