,y_true,y_pred
0,250.0,18.673355
1,171.0,40.0001
2,42.0,36.497444
3,41.0,26.50916
