,y_true,y_pred
0,177.0,168.77876
1,204.0,168.77876
2,210.0,168.77876
3,213.0,168.77876
