,y_true,y_pred
0,263.0,68.593124
1,175.0,76.960976
2,70.0,83.87658
3,79.0,72.13476
