,y_true,y_pred
0,115.0,47.24482
1,82.0,46.20505
2,69.0,50.83544
3,85.0,56.754517
