,y_true,y_pred
0,31.0,35.54222
1,31.0,34.977314
2,38.0,35.810642
3,44.0,36.08412
