,y_true,y_pred
0,177.0,171.96075
1,204.0,171.85777
2,210.0,173.40326
3,213.0,173.70721
