,y_true,y_pred
0,11.0,13.925705
1,16.0,13.964434
2,71.0,14.050587
3,61.0,13.987553
