,y_true,y_pred
0,150.0,156.40408
1,172.0,156.53938
2,181.0,156.47827
3,178.0,156.47975
