,y_true,y_pred
0,47.0,43.09915
1,37.0,49.532352
2,99.0,48.998463
3,80.0,51.46918
