,y_true,y_pred
0,47.0,41.435104
1,37.0,40.97282
2,99.0,41.571857
3,80.0,45.283245
