,y_true,y_pred
0,89.0,99.060295
1,85.0,101.84849
2,69.0,105.79802
3,64.0,105.27358
