,y_true,y_pred
0,11.0,29.18224
1,16.0,24.273687
2,71.0,24.161348
3,61.0,32.03525
