,y_true,y_pred
0,59.0,86.87493
1,64.0,89.90156
2,57.0,88.504005
3,57.0,88.61515
