,y_true,y_pred
0,263.0,55.7334
1,175.0,63.44688
2,70.0,69.17748
3,79.0,70.85746
