,y_true,y_pred
0,11.0,22.705376
1,16.0,15.773487
2,71.0,18.643013
3,61.0,28.057137
