,y_true,y_pred
0,250.0,46.444008
1,171.0,57.928917
2,42.0,60.172615
3,41.0,52.79605
