,y_true,y_pred
0,31.0,33.760952
1,31.0,34.385212
2,38.0,35.007
3,44.0,33.883976
