,y_true,y_pred
0,115.0,61.992218
1,82.0,63.851566
2,69.0,64.35562
3,85.0,64.17706
