,y_true,y_pred
0,250.0,26.080925
1,171.0,24.327808
2,42.0,29.306839
3,41.0,26.036243
