,y_true,y_pred
0,50.0,45.631447
1,36.0,45.452446
2,32.0,46.600967
3,29.0,47.97282
