,y_true,y_pred
0,126.0,115.67711
1,114.0,116.46863
2,127.0,114.88651
3,116.0,114.42729
