,y_true,y_pred
0,50.0,55.67343
1,36.0,54.32714
2,32.0,54.501717
3,29.0,57.266064
