,y_true,y_pred
0,126.0,116.81263
1,114.0,116.86186
2,127.0,116.87204
3,116.0,116.69782
