,y_true,y_pred
0,115.0,54.611122
1,82.0,50.697662
2,69.0,56.391132
3,85.0,59.711952
