,y_true,y_pred
0,47.0,58.413723
1,37.0,94.642525
2,99.0,103.71776
3,80.0,89.519394
