,y_true,y_pred
0,263.0,63.168762
1,175.0,63.24197
2,70.0,63.724625
3,79.0,64.66919
