,y_true,y_pred
0,126.0,110.183846
1,114.0,111.75242
2,127.0,108.82534
3,116.0,106.96961
