,y_true,y_pred
0,50.0,45.89496
1,36.0,44.672127
2,32.0,45.41156
3,29.0,49.980026
