,y_true,y_pred
0,59.0,89.08973
1,64.0,89.282135
2,57.0,89.49
3,57.0,89.61647
