,y_true,y_pred
0,115.0,65.831276
1,82.0,71.11074
2,69.0,74.16134
3,85.0,73.196884
