,y_true,y_pred
0,115.0,53.631878
1,82.0,47.4468
2,69.0,56.596943
3,85.0,63.55958
