,y_true,y_pred
0,89.0,93.11874
1,85.0,93.10169
2,69.0,92.97106
3,64.0,92.36645
