,y_true,y_pred
0,126.0,111.532646
1,114.0,116.570015
2,127.0,110.07266
3,116.0,108.60184
