,y_true,y_pred
0,50.0,61.157024
1,36.0,61.150852
2,32.0,61.01614
3,29.0,60.81077
