,y_true,y_pred
0,126.0,112.635635
1,114.0,112.23317
2,127.0,112.79264
3,116.0,112.192726
