,y_true,y_pred
0,250.0,12.74017
1,171.0,13.840786
2,42.0,11.507824
3,41.0,14.974632
