,y_true,y_pred
0,150.0,157.29828
1,172.0,157.22502
2,181.0,158.16042
3,178.0,155.2688
