,y_true,y_pred
0,177.0,175.11449
1,204.0,174.73767
2,210.0,175.3515
3,213.0,170.19655
