,y_true,y_pred
0,177.0,169.47255
1,204.0,170.78046
2,210.0,170.23668
3,213.0,177.60036
