,y_true,y_pred
0,89.0,102.64033
1,85.0,102.44494
2,69.0,101.91687
3,64.0,100.25552
