,y_true,y_pred
0,89.0,84.49907
1,85.0,84.99671
2,69.0,85.34719
3,64.0,86.03623
