,y_true,y_pred
0,59.0,90.36405
1,64.0,90.00578
2,57.0,90.03066
3,57.0,91.55781
