,y_true,y_pred
0,250.0,37.644302
1,171.0,36.50985
2,42.0,45.1574
3,41.0,49.991085
