,y_true,y_pred
0,50.0,57.628258
1,36.0,57.4357
2,32.0,57.021397
3,29.0,56.23524
