,y_true,y_pred
0,89.0,92.256195
1,85.0,92.03334
2,69.0,91.74182
3,64.0,91.11918
