,y_true,y_pred
0,59.0,84.010796
1,64.0,82.01402
2,57.0,81.55387
3,57.0,80.92551
