,y_true,y_pred
0,146.0,73.58353
1,60.0,75.24937
2,46.0,74.00095
3,69.0,72.45457
