,y_true,y_pred
0,263.0,65.54959
1,175.0,69.59434
2,70.0,74.50122
3,79.0,73.97652
