,y_true,y_pred
0,103.0,147.74768
1,143.0,148.06705
2,172.0,148.30945
3,327.0,148.78429
