,y_true,y_pred
0,178.0,180.69759
1,192.0,179.7633
2,188.0,179.86275
3,172.0,179.78656
