,y_true,y_pred
0,142.0,151.18608
1,108.0,151.98317
2,111.0,152.55527
3,95.0,153.02469
