,y_true,y_pred
0,151.0,150.27106
1,143.0,148.9713
2,184.0,147.75555
3,190.0,149.06815
