,y_true,y_pred
0,145.0,161.32863
1,122.0,160.48473
2,155.0,158.6045
3,181.0,159.05597
