,y_true,y_pred
0,267.0,150.97981
1,144.0,152.46759
2,159.0,152.97433
3,156.0,153.08255
