,y_true,y_pred
0,81.0,57.81079
1,54.0,61.86314
2,47.0,54.686302
3,27.0,57.36477
