,y_true,y_pred
0,88.0,67.04167
1,60.0,65.97349
2,89.0,63.571075
3,68.0,63.510246
