,y_true,y_pred
0,71.0,122.94198
1,49.0,115.60887
2,57.0,117.62105
3,81.0,116.08331
