,y_true,y_pred
0,88.0,66.42902
1,60.0,66.59399
2,89.0,64.9627
3,68.0,66.74728
