,y_true,y_pred
0,49.0,55.70955
1,49.0,54.236847
2,39.0,57.79874
3,49.0,56.04811
