,y_true,y_pred
0,71.0,67.89406
1,49.0,70.543625
2,57.0,69.282394
3,81.0,70.25423
