,y_true,y_pred
0,178.0,201.21632
1,192.0,202.45749
2,188.0,202.19409
3,172.0,201.55566
