,y_true,y_pred
0,52.0,95.13262
1,46.00000000000001,94.00004
2,59.0,93.00161
3,71.0,92.40464
