,y_true,y_pred
0,88.0,48.849834
1,60.0,53.88261
2,89.0,51.057854
3,68.0,57.586494
