,y_true,y_pred
0,49.0,48.872078
1,49.0,49.174305
2,39.0,53.10362
3,49.0,50.821854
