,y_true,y_pred
0,128.0,118.94065
1,104.0,121.98379
2,100.0,118.75715
3,130.0,120.06555
