,y_true,y_pred
0,61.0,28.945375
1,18.0,32.725914
2,25.0,24.94893
3,24.0,28.443947
