,y_true,y_pred
0,75.0,52.40676
1,58.0,52.109444
2,42.0,52.320663
3,81.0,53.777027
