,y_true,y_pred
0,64.0,37.533875
1,45.0,36.72538
2,42.0,38.720963
3,47.0,39.70136
