,y_true,y_pred
0,71.0,93.55525
1,49.0,88.31341
2,57.0,86.18531
3,81.0,84.91458
