,y_true,y_pred
0,128.0,120.64175
1,104.0,121.164024
2,100.0,119.84209
3,130.0,118.81914
