,y_true,y_pred
0,61.0,27.429983
1,18.0,30.934996
2,25.0,26.069962
3,24.0,24.26918
