,y_true,y_pred
0,178.0,159.37328
1,192.0,153.1436
2,188.0,160.49031
3,172.0,159.88567
