,y_true,y_pred
0,71.0,93.38106
1,49.0,92.16137
2,57.0,90.58957
3,81.0,89.61565
