,y_true,y_pred
0,64.0,26.781479
1,45.0,24.410957
2,42.0,27.169903
3,47.0,27.293541
