,y_true,y_pred
0,81.0,56.29576
1,54.0,57.745472
2,47.0,52.24522
3,27.0,47.518547
