,y_true,y_pred
0,128.0,123.59453
1,104.0,122.76876
2,100.0,119.8398
3,130.0,118.28292
