,y_true,y_pred
0,81.0,54.938866
1,54.0,55.720318
2,47.0,59.10246
3,27.0,57.19022
