,y_true,y_pred
0,75.0,60.473602
1,58.0,60.319153
2,42.0,61.115215
3,81.0,62.32553
