,y_true,y_pred
0,138.0,131.49664
1,119.0,130.09645
2,190.0,128.64543
3,130.0,133.60349
