,y_true,y_pred
0,88.0,72.51621
1,60.0,70.282845
2,89.0,69.87653
3,68.0,67.795746
