,y_true,y_pred
0,138.0,131.5492
1,119.0,137.19177
2,190.0,139.50204
3,130.0,143.58327
