,y_true,y_pred
0,75.0,71.08211
1,58.0,72.562996
2,42.0,79.32185
3,81.0,71.531586
