,y_true,y_pred
0,138.0,144.55225
1,119.0,123.21197
2,190.0,135.73672
3,130.0,146.97432
