,y_true,y_pred
0,138.0,157.33182
1,119.0,156.34375
2,190.0,151.4374
3,130.0,161.09268
