,y_true,y_pred
0,52.0,116.318184
1,46.00000000000001,115.23991
2,59.0,117.17816
3,71.0,116.47283
