,y_true,y_pred
0,64.0,23.703583
1,45.0,24.367393
2,42.0,28.300838
3,47.0,29.617374
