,y_true,y_pred
0,178.0,166.16968
1,192.0,166.19113
2,188.0,166.08928
3,172.0,165.92928
