,y_true,y_pred
0,75.0,81.07837
1,58.0,84.7303
2,42.0,78.063705
3,81.0,87.15286
