,y_true,y_pred
0,26.0,25.30056
1,29.0,25.147816
2,40.0,23.892456
3,34.0,24.451416
