,y_true,y_pred
0,128.0,121.413605
1,104.0,121.690094
2,100.0,121.415436
3,130.0,120.92774
