,y_true,y_pred
0,49.0,55.555637
1,49.0,56.009117
2,39.0,56.00436
3,49.0,55.511986
