,y_true,y_pred
0,61.0,33.493576
1,18.0,37.3393
2,25.0,37.771595
3,24.0,40.22285
