,y_true,y_pred
0,26.0,40.35526
1,29.0,37.753147
2,40.0,41.135162
3,34.0,40.21064
