,y_true,y_pred
0,64.0,11.931587
1,45.0,31.90522
2,42.0,14.106583
3,47.0,35.886932
