,y_true,y_pred
0,26.0,37.44779
1,29.0,35.064663
2,40.0,38.646378
3,34.0,35.09857
