,y_true,y_pred
0,81.0,50.36793
1,54.0,59.20039
2,47.0,49.65088
3,27.0,62.16979
