,y_true,y_pred
0,52.0,98.82702
1,46.00000000000001,96.7514
2,59.0,99.36129
3,71.0,98.37935
