,y_true,y_pred
0,52.0,91.371635
1,46.00000000000001,100.20693
2,59.0,100.79672
3,71.0,97.61091
