,y_true,y_pred
0,64.0,30.094666
1,45.0,30.738247
2,42.0,30.01696
3,47.0,29.935143
