,y_true,y_pred
0,128.0,116.54874
1,104.0,117.550545
2,100.0,119.63657
3,130.0,118.00047
