,y_true,y_pred
0,26.0,34.344093
1,29.0,33.21052
2,40.0,34.066196
3,34.0,35.60808
