,y_true,y_pred
0,52.0,96.931404
1,46.00000000000001,96.110176
2,59.0,95.42919
3,71.0,95.099556
