,y_true,y_pred
0,26.0,29.606266
1,29.0,27.52801
2,40.0,28.99949
3,34.0,30.848616
