,y_true,y_pred
0,61.0,34.39795
1,18.0,35.828945
2,25.0,36.827797
3,24.0,36.2641
