,y_true,y_pred
0,49.0,60.14331
1,49.0,60.30679
2,39.0,60.429276
3,49.0,60.315983
