,y_true,y_pred
0,88.0,62.042145
1,60.0,64.93633
2,89.0,65.04772
3,68.0,63.776733
