,y_true,y_pred
0,81.0,60.095043
1,54.0,59.421642
2,47.0,54.607452
3,27.0,52.937366
