,y_true,y_pred
0,71.0,71.05057
1,49.0,73.63259
2,57.0,83.39852
3,81.0,88.60868
