,y_true,y_pred
0,49.0,47.761925
1,49.0,48.606934
2,39.0,47.827015
3,49.0,48.54569
