,y_true,y_pred
0,178.0,178.1103
1,192.0,174.23018
2,188.0,175.4199
3,172.0,175.09196
