,y_true,y_pred
0,138.0,159.17943
1,119.0,157.44824
2,190.0,158.34065
3,130.0,164.1216
