,y_true,y_pred
0,178.0,184.79193
1,192.0,184.30786
2,188.0,185.1434
3,172.0,185.1885
