,y_true,y_pred
0,75.0,66.336006
1,58.0,66.339096
2,42.0,66.10371
3,81.0,65.66747
