,y_true,y_pred
0,61.0,32.648483
1,18.0,31.791222
2,25.0,30.855755
3,24.0,32.428036
