,y_true,y_pred
0,69.0,47.61718
1,59.0,49.142212
2,68.0,49.45732
3,46.0,50.609753
