,y_true,y_pred
0,142.0,153.65804
1,108.0,152.32315
2,111.0,149.7692
3,95.0,147.2725
