,y_true,y_pred
0,177.0,172.3121
1,204.0,171.3948
2,210.0,171.35916
3,213.0,171.48286
