,y_true,y_pred
0,146.0,67.18838
1,60.0,66.273926
2,46.0,69.33592
3,69.0,65.59592
