,y_true,y_pred
0,96.0,104.00595
1,65.0,97.277794
2,69.0,93.00807
3,75.0,94.10087
