,y_true,y_pred
0,83.0,95.51811
1,47.0,95.77222
2,53.00000000000001,95.421135
3,29.0,95.479164
