,y_true,y_pred
0,146.0,66.93032
1,60.0,76.50661
2,46.0,64.25627
3,69.0,59.317337
