,y_true,y_pred
0,46.0,145.84256
1,101.0,142.15652
2,95.0,140.81883
3,95.0,141.88742
