,y_true,y_pred
0,117.0,3.4738007
1,49.0,-21.7854
2,31.0,-21.025856
3,30.0,1.8770599
