,y_true,y_pred
0,83.0,118.42711
1,47.0,125.289474
2,53.00000000000001,114.19302
3,29.0,117.73288
