,y_true,y_pred
0,47.0,66.90212
1,64.0,72.20645
2,59.0,74.04715
3,43.0,71.543846
