,y_true,y_pred
0,142.0,151.0494
1,108.0,156.85045
2,111.0,151.06174
3,95.0,147.6515
