,y_true,y_pred
0,83.0,126.58695
1,47.0,128.63672
2,53.00000000000001,129.06837
3,29.0,130.4927
