,y_true,y_pred
0,96.0,87.97932
1,65.0,87.083015
2,69.0,84.9913
3,75.0,84.81153
