,y_true,y_pred
0,15.0,25.617025
1,110.0,24.238665
2,77.0,26.252796
3,68.0,30.52811
