,y_true,y_pred
0,19.0,33.411224
1,64.0,32.39486
2,52.0,34.829967
3,53.0,36.123028
