,y_true,y_pred
0,83.0,92.96634
1,47.0,113.47476
2,53.00000000000001,109.375534
3,29.0,115.57999
