,y_true,y_pred
0,46.0,116.24501
1,101.0,117.01925
2,95.0,116.44188
3,95.0,116.41304
