,y_true,y_pred
0,47.0,60.62505
1,64.0,61.010162
2,59.0,62.21218
3,43.0,62.006287
