,y_true,y_pred
0,24.0,52.011906
1,140.0,41.849293
2,129.0,32.929367
3,115.0,49.506336
