,y_true,y_pred
0,146.0,72.78696
1,60.0,74.32315
2,46.0,74.2561
3,69.0,73.12519
