,y_true,y_pred
0,24.0,47.719524
1,140.0,46.079105
2,129.0,52.874237
3,115.0,56.841995
