,y_true,y_pred
0,19.0,32.68015
1,64.0,31.378204
2,52.0,34.273785
3,53.0,32.408295
