,y_true,y_pred
0,142.0,153.87123
1,108.0,149.85504
2,111.0,142.45686
3,95.0,138.47557
