,y_true,y_pred
0,65.0,155.88165
1,201.0,151.32736
2,212.0,153.64948
3,186.0,154.55075
