,y_true,y_pred
0,46.0,124.96608
1,101.0,123.30994
2,95.0,123.13632
3,95.0,122.52969
