,y_true,y_pred
0,47.0,67.51683
1,64.0,64.9677
2,59.0,65.870125
3,43.0,65.216736
