,y_true,y_pred
0,142.0,152.08473
1,108.0,151.50856
2,111.0,150.99922
3,95.0,150.22087
