,y_true,y_pred
0,117.0,64.73062
1,49.0,61.023106
2,31.0,53.09569
3,30.0,48.231277
