,y_true,y_pred
0,145.0,62.45437
1,46.0,62.521576
2,55.0,69.46408
3,60.0,64.995605
