,y_true,y_pred
0,117.0,35.658627
1,49.0,24.61916
2,31.0,25.39153
3,30.0,25.808464
