,y_true,y_pred
0,15.0,22.429762
1,110.0,21.989933
2,77.0,27.852785
3,68.0,28.432083
