,y_true,y_pred
0,19.0,39.99623
1,64.0,38.22127
2,52.0,32.05018
3,53.0,35.735096
