,y_true,y_pred
0,65.0,161.60965
1,201.0,153.09554
2,212.0,150.82268
3,186.0,149.06912
