,y_true,y_pred
0,46.0,118.47392
1,101.0,118.20336
2,95.0,117.26609
3,95.0,116.92941
