,y_true,y_pred
0,117.0,63.759266
1,49.0,65.71321
2,31.0,59.692986
3,30.0,53.451427
