,y_true,y_pred
0,65.0,156.26428
1,201.0,154.31494
2,212.0,154.06725
3,186.0,147.5178
