,y_true,y_pred
0,146.0,42.303013
1,60.0,47.049793
2,46.0,49.646084
3,69.0,58.705208
