,y_true,y_pred
0,83.0,61.357094
1,47.0,63.533558
2,53.00000000000001,60.3377
3,29.0,63.814877
