,y_true,y_pred
0,145.0,73.619125
1,46.0,74.84698
2,55.0,72.92821
3,60.0,75.14675
