,y_true,y_pred
0,24.0,37.290497
1,140.0,43.150513
2,129.0,33.771072
3,115.0,38.636047
