,y_true,y_pred
0,15.0,29.08021
1,110.0,26.997581
2,77.0,23.256218
3,68.0,27.218971
