,y_true,y_pred
0,142.0,159.73824
1,108.0,163.84221
2,111.0,163.86975
3,95.0,167.15746
