,y_true,y_pred
0,19.0,29.294651
1,64.0,31.774685
2,52.0,31.27321
3,53.0,30.54381
