,y_true,y_pred
0,15.0,13.527599
1,110.0,12.26963
2,77.0,12.966396
3,68.0,9.241999
