,y_true,y_pred
0,47.0,68.27673
1,64.0,66.810455
2,59.0,70.631805
3,43.0,71.58501
