,y_true,y_pred
0,145.0,53.516876
1,46.0,55.189194
2,55.0,60.20008
3,60.0,57.550877
