,y_true,y_pred
0,117.0,51.919037
1,49.0,45.98253
2,31.0,46.17694
3,30.0,52.89863
