,y_true,y_pred
0,96.0,87.1991
1,65.0,87.039375
2,69.0,86.52101
3,75.0,85.724625
