,y_true,y_pred
0,24.0,67.54936
1,140.0,68.12235
2,129.0,59.17548
3,115.0,66.758194
