,y_true,y_pred
0,65.0,144.3226
1,201.0,120.3512
2,212.0,117.20766
3,186.0,135.67908
