,y_true,y_pred
0,146.0,81.86626
1,60.0,77.55125
2,46.0,84.48662
3,69.0,78.84397
