,y_true,y_pred
0,46.0,112.887886
1,101.0,113.232254
2,95.0,113.251526
3,95.0,114.1083
