,y_true,y_pred
0,142.0,155.40512
1,108.0,164.57292
2,111.0,159.06377
3,95.0,147.5214
