,y_true,y_pred
0,96.0,89.58409
1,65.0,89.41699
2,69.0,91.16585
3,75.0,92.24357
