,y_true,y_pred
0,47.0,61.381405
1,64.0,60.90286
2,59.0,61.393356
3,43.0,62.129864
