,y_true,y_pred
0,145.0,62.36521
1,46.0,62.639122
2,55.0,61.082043
3,60.0,59.687737
