,y_true,y_pred
0,19.0,31.15566
1,64.0,31.012964
2,52.0,30.840637
3,53.0,30.884789
