,y_true,y_pred
0,15.0,30.342924
1,110.0,24.971474
2,77.0,24.095354
3,68.0,21.731604
