,y_true,y_pred
0,96.0,96.300545
1,65.0,100.225784
2,69.0,96.11759
3,75.0,95.846924
