,y_true,y_pred
0,145.0,71.56916
1,46.0,70.03665
2,55.0,61.98153
3,60.0,58.075214
