,y_true,y_pred
0,24.0,43.54509
1,140.0,44.60636
2,129.0,52.10736
3,115.0,48.20795
