,y_true,y_pred
0,76.0,77.61022
1,77.0,77.480804
2,66.0,76.35734
3,84.0,74.85823
