,y_true,y_pred
0,33.0,54.957943
1,36.0,54.32072
2,66.0,53.550404
3,91.0,52.9827
