,y_true,y_pred
0,279.0,176.41278
1,145.0,176.65576
2,192.0,176.66348
3,226.0,176.58398
