,y_true,y_pred
0,55.0,85.86646
1,63.0,87.43941
2,78.0,85.7034
3,94.0,84.33511
