,y_true,y_pred
0,278.0,77.92393
1,239.0,74.76414
2,75.0,76.93427
3,74.0,83.06593
