,y_true,y_pred
0,39.0,43.68721
1,29.0,43.741283
2,19.0,42.60412
3,18.0,40.794678
