,y_true,y_pred
0,145.0,158.06512
1,122.0,157.15736
2,155.0,156.27931
3,181.0,157.21312
