,y_true,y_pred
0,107.0,127.035385
1,96.0,134.01117
2,104.0,133.45346
3,91.0,125.147705
