,y_true,y_pred
0,33.0,89.0383
1,40.0,84.72158
2,37.0,92.099846
3,35.0,93.3477
