,y_true,y_pred
0,120.0,123.815956
1,98.0,123.13015
2,123.0,121.106895
3,133.0,120.88652
