,y_true,y_pred
0,145.0,160.01921
1,122.0,160.52306
2,155.0,164.5337
3,181.0,161.69325
