,y_true,y_pred
0,78.0,38.274643
1,108.0,60.38284
2,98.0,68.20608
3,86.0,75.17334
