,y_true,y_pred
0,145.0,164.0508
1,122.0,162.91858
2,155.0,159.80853
3,181.0,158.94543
