,y_true,y_pred
0,145.0,143.45247
1,122.0,150.40582
2,155.0,146.16057
3,181.0,152.01823
