,y_true,y_pred
0,147.0,125.24578
1,205.0,125.69234
2,185.0,133.65979
3,185.0,137.30894
