,y_true,y_pred
0,51.0,60.44605
1,71.0,65.329926
2,66.0,62.757248
3,61.0,63.348534
