,y_true,y_pred
0,147.0,226.05121
1,205.0,219.68527
2,185.0,172.16121
3,185.0,179.25368
