,y_true,y_pred
0,27.0,39.58003
1,34.0,40.404392
2,18.0,39.256184
3,15.0,39.398468
