,y_true,y_pred
0,147.0,159.27997
1,205.0,142.78075
2,185.0,154.9046
3,185.0,157.73889
