,y_true,y_pred
0,27.0,32.083652
1,34.0,30.55066
2,18.0,32.721024
3,15.0,33.09294
