,y_true,y_pred
0,33.0,51.71682
1,40.0,52.12021
2,37.0,52.256935
3,35.0,51.913914
