,y_true,y_pred
0,23.0,31.209171
1,8.0,31.237326
2,14.0,32.006256
3,3.0,32.52743
