,y_true,y_pred
0,76.0,57.905067
1,76.0,64.13667
2,52.0,56.989006
3,54.0,61.559486
