,y_true,y_pred
0,78.0,114.57843
1,108.0,106.72669
2,98.0,109.645386
3,86.0,114.04091
