,y_true,y_pred
0,107.0,91.445885
1,96.0,91.58799
2,104.0,88.22093
3,91.0,86.112305
