,y_true,y_pred
0,39.0,37.193363
1,29.0,39.74305
2,19.0,36.826546
3,18.0,33.880493
