,y_true,y_pred
0,78.0,89.71329
1,108.0,89.24625
2,98.0,90.709885
3,86.0,96.84364
