,y_true,y_pred
0,27.0,28.147594
1,34.0,28.691782
2,18.0,29.497208
3,15.0,29.145933
