,y_true,y_pred
0,33.0,54.95096
1,40.0,55.092613
2,37.0,55.62837
3,35.0,56.022064
