,y_true,y_pred
0,120.0,109.44696
1,98.0,107.208305
2,123.0,99.17526
3,133.0,94.74849
