,y_true,y_pred
0,39.0,54.04514
1,29.0,62.617218
2,19.0,63.72464
3,18.0,62.184547
