,y_true,y_pred
0,23.0,19.92181
1,8.0,21.144978
2,14.0,18.765083
3,3.0,18.732603
