,y_true,y_pred
0,106.0,63.66194
1,82.0,62.696022
2,81.0,63.39055
3,83.0,63.807022
