,y_true,y_pred
0,51.0,65.90507
1,71.0,51.726105
2,66.0,56.339046
3,61.0,68.92885
