,y_true,y_pred
0,120.0,108.812416
1,98.0,105.52778
2,123.0,103.359505
3,133.0,105.82834
