,y_true,y_pred
0,39.0,25.40705
1,29.0,24.192972
2,19.0,22.648336
3,18.0,24.946049
