,y_true,y_pred
0,51.0,74.75488
1,71.0,75.178024
2,66.0,76.69533
3,61.0,76.98595
