,y_true,y_pred
0,107.0,76.8669
1,96.0,85.93277
2,104.0,92.07102
3,91.0,94.81687
