,y_true,y_pred
0,39.0,45.734447
1,29.0,46.934013
2,19.0,44.15332
3,18.0,49.832127
