,y_true,y_pred
0,106.0,67.61424
1,82.0,70.9668
2,81.0,66.31442
3,83.0,64.28893
