,y_true,y_pred
0,106.0,58.00784
1,82.0,55.19871
2,81.0,57.633354
3,83.0,58.5465
