,y_true,y_pred
0,78.0,92.88701
1,108.0,108.06016
2,98.0,121.95308
3,86.0,98.92214
