,y_true,y_pred
0,27.0,37.70411
1,34.0,36.009583
2,18.0,33.527733
3,15.0,32.350216
