,y_true,y_pred
0,145.0,149.50792
1,122.0,149.79135
2,155.0,150.67947
3,181.0,156.31274
