,y_true,y_pred
0,145.0,157.57193
1,122.0,157.90198
2,155.0,156.46579
3,181.0,158.88725
