,y_true,y_pred
0,23.0,28.853628
1,8.0,24.983194
2,14.0,25.158573
3,3.0,20.487602
