,y_true,y_pred
0,39.0,58.583008
1,29.0,53.735912
2,19.0,43.922882
3,18.0,36.83029
