,y_true,y_pred
0,23.0,23.200169
1,8.0,24.600197
2,14.0,22.60508
3,3.0,23.998116
