,y_true,y_pred
0,147.0,168.79597
1,205.0,160.59695
2,185.0,157.8437
3,185.0,154.51959
