,y_true,y_pred
0,76.0,55.81542
1,76.0,55.737583
2,52.0,45.565975
3,54.0,57.008327
