,y_true,y_pred
0,106.0,62.67452
1,82.0,55.618866
2,81.0,60.843983
3,83.0,57.436394
