,y_true,y_pred
0,76.0,62.710964
1,76.0,71.68526
2,52.0,68.21157
3,54.0,70.62464
