,y_true,y_pred
0,147.0,142.28653
1,205.0,147.16986
2,185.0,149.51927
3,185.0,151.04698
