,y_true,y_pred
0,27.0,28.911953
1,34.0,28.908663
2,18.0,28.585758
3,15.0,29.217024
