,y_true,y_pred
0,23.0,20.965055
1,8.0,23.277515
2,14.0,19.554394
3,3.0,21.026897
