,y_true,y_pred
0,51.0,65.31733
1,71.0,65.7348
2,66.0,67.06415
3,61.0,66.92619
