,y_true,y_pred
0,51.0,99.481476
1,71.0,103.53797
2,66.0,99.434555
3,61.0,111.07269
