,y_true,y_pred
0,120.0,112.600555
1,98.0,120.05275
2,123.0,118.939575
3,133.0,115.50486
