,y_true,y_pred
0,120.0,127.49242
1,98.0,126.06902
2,123.0,124.374664
3,133.0,123.708405
