,y_true,y_pred
0,33.0,58.371567
1,40.0,42.171677
2,37.0,50.316574
3,35.0,46.092667
