,y_true,y_pred
0,76.0,70.15991
1,76.0,67.62254
2,52.0,66.26099
3,54.0,66.82224
