,y_true,y_pred
0,78.0,83.895386
1,108.0,74.30723
2,98.0,71.39844
3,86.0,70.724075
