,y_true,y_pred
0,76.0,58.686264
1,76.0,59.68377
2,52.0,60.101185
3,54.0,59.43992
