,y_true,y_pred
0,107.0,62.286533
1,96.0,82.37773
2,104.0,65.61285
3,91.0,73.20327
