,y_true,y_pred
0,107.0,70.01814
1,96.0,54.91888
2,104.0,63.74458
3,91.0,76.522705
