,y_true,y_pred
0,33.0,3.1305542
1,40.0,-0.48623657
2,37.0,-1.7834396
3,35.0,23.793072
