,y_true,y_pred
0,106.0,62.386772
1,82.0,62.966343
2,81.0,62.622597
3,83.0,62.57033
