,y_true,y_pred
0,71.0,67.77096
1,90.0,67.68152
2,76.0,67.59315
3,84.0,68.35029
