,y_true,y_pred
0,44.0,34.15759
1,44.0,34.889954
2,37.0,33.7919
3,45.0,36.398216
