,y_true,y_pred
0,49.0,63.900894
1,50.0,61.74594
2,56.0,60.953873
3,37.0,52.29778
