,y_true,y_pred
0,78.0,63.637268
1,56.0,74.209435
2,306.0,73.92114
3,283.0,75.63223
