,y_true,y_pred
0,35.0,26.509422
1,21.0,21.522785
2,29.0,24.383911
3,15.0,23.260204
