,y_true,y_pred
0,278.0,80.2761
1,239.0,83.75838
2,75.0,85.46041
3,74.0,82.67435
