,y_true,y_pred
0,111.0,130.20506
1,112.0,130.13225
2,166.0,130.03862
3,169.0,128.37312
