,y_true,y_pred
0,266.0,98.57279
1,209.0,116.18222
2,64.0,95.817635
3,66.0,96.22764
