,y_true,y_pred
0,111.0,104.58495
1,112.0,108.50908
2,166.0,104.024345
3,169.0,105.307
