,y_true,y_pred
0,203.0,189.2778
1,205.0,191.59709
2,308.0,190.11665
3,304.0,189.31488
