,y_true,y_pred
0,70.0,73.00904
1,79.0,76.57806
2,190.0,74.1032
3,132.0,71.009254
