,y_true,y_pred
0,35.0,28.86523
1,21.0,27.68959
2,29.0,25.126938
3,15.0,25.49641
