,y_true,y_pred
0,203.0,176.71396
1,205.0,172.90208
2,308.0,172.01257
3,304.0,171.9788
