,y_true,y_pred
0,111.0,127.74429
1,112.0,127.34503
2,166.0,127.38213
3,169.0,128.23238
