,y_true,y_pred
0,183.0,163.62323
1,171.0,158.89578
2,446.0,178.4878
3,290.0,152.60594
