,y_true,y_pred
0,79.0,55.955986
1,67.0,58.921963
2,76.0,59.131664
3,55.0,60.531742
