,y_true,y_pred
0,266.0,87.48309
1,209.0,80.8953
2,64.0,83.93623
3,66.0,89.03954
