,y_true,y_pred
0,44.0,29.290916
1,44.0,33.607666
2,37.0,34.64636
3,45.0,35.124317
