,y_true,y_pred
0,203.0,191.2325
1,205.0,205.36945
2,308.0,210.57086
3,304.0,217.98721
