,y_true,y_pred
0,266.0,69.06053
1,209.0,66.84904
2,64.0,67.8791
3,66.0,70.26882
