,y_true,y_pred
0,70.0,89.08081
1,79.0,87.48281
2,190.0,93.64024
3,132.0,103.001854
