,y_true,y_pred
0,35.0,30.253183
1,21.0,30.033604
2,29.0,29.884315
3,15.0,30.068193
