,y_true,y_pred
0,49.0,52.195423
1,50.0,53.455494
2,56.0,61.264126
3,37.0,50.461758
