,y_true,y_pred
0,49.0,56.63151
1,50.0,56.273182
2,56.0,55.78978
3,37.0,55.474953
