,y_true,y_pred
0,305.0,60.231274
1,325.0,70.64333
2,33.0,74.878235
3,44.0,77.071724
