,y_true,y_pred
0,35.0,34.24003
1,21.0,35.326645
2,29.0,34.698776
3,15.0,35.005753
