,y_true,y_pred
0,111.0,117.33322
1,112.0,112.814514
2,166.0,107.9574
3,169.0,103.31769
