,y_true,y_pred
0,49.0,53.011017
1,50.0,53.239452
2,56.0,52.00942
3,37.0,52.685787
