,y_true,y_pred
0,49.0,54.375023
1,50.0,58.41232
2,56.0,59.91016
3,37.0,60.836456
