,y_true,y_pred
0,78.0,62.459064
1,56.0,71.39877
2,306.0,69.2031
3,283.0,54.531685
