,y_true,y_pred
0,305.0,57.40564
1,325.0,67.21866
2,33.0,72.756
3,44.0,61.50393
