,y_true,y_pred
0,266.0,96.15916
1,209.0,91.142
2,64.0,85.44848
3,66.0,90.20221
