,y_true,y_pred
0,266.0,65.79732
1,209.0,69.12728
2,64.0,64.74652
3,66.0,67.12516
