,y_true,y_pred
0,79.0,48.94667
1,67.0,54.05083
2,76.0,54.044167
3,55.0,56.42534
