,y_true,y_pred
0,278.0,65.03342
1,239.0,72.20698
2,75.0,71.2112
3,74.0,61.274323
