,y_true,y_pred
0,278.0,76.80701
1,239.0,78.155655
2,75.0,78.35671
3,74.0,81.36985
