,y_true,y_pred
0,183.0,165.60118
1,171.0,171.98105
2,446.0,174.57353
3,290.0,159.20149
