,y_true,y_pred
0,203.0,180.44987
1,205.0,180.98053
2,308.0,180.99284
3,304.0,181.8339
