,y_true,y_pred
0,70.0,105.53513
1,79.0,98.55583
2,190.0,94.381485
3,132.0,85.2912
