,y_true,y_pred
0,70.0,91.34977
1,79.0,88.14164
2,190.0,85.33534
3,132.0,85.323494
