,y_true,y_pred
0,79.0,52.387295
1,67.0,55.55583
2,76.0,55.64049
3,55.0,56.897083
