,y_true,y_pred
0,35.0,22.744722
1,21.0,29.105024
2,29.0,28.206497
3,15.0,25.319286
