,y_true,y_pred
0,44.0,34.050213
1,44.0,33.93376
2,37.0,33.892044
3,45.0,34.068268
