,y_true,y_pred
0,78.0,77.09558
1,56.0,77.97916
2,306.0,81.67142
3,283.0,76.15244
