,y_true,y_pred
0,183.0,157.84363
1,171.0,167.9754
2,446.0,167.05452
3,290.0,183.5858
