,y_true,y_pred
0,79.0,59.82726
1,67.0,64.97562
2,76.0,64.37152
3,55.0,64.70417
