,y_true,y_pred
0,278.0,90.25124
1,239.0,94.31941
2,75.0,91.35552
3,74.0,87.91143
