,y_true,y_pred
0,305.0,38.01853
1,325.0,30.766659
2,33.0,34.757126
3,44.0,7.6186104
