,y_true,y_pred
0,305.0,31.255386
1,325.0,42.704918
2,33.0,21.806507
3,44.0,2.742031
