,y_true,y_pred
0,70.0,79.4989
1,79.0,77.80612
2,190.0,82.43137
3,132.0,79.92441
