,y_true,y_pred
0,183.0,184.18633
1,171.0,193.30171
2,446.0,190.76411
3,290.0,194.54822
