,y_true,y_pred
0,79.0,51.624233
1,67.0,50.964245
2,76.0,50.276737
3,55.0,48.816177
