,y_true,y_pred
0,203.0,180.26085
1,205.0,181.28679
2,308.0,182.14758
3,304.0,181.75038
