,y_true,y_pred
0,44.0,36.83325
1,44.0,39.159203
2,37.0,37.083153
3,45.0,37.99399
