,y_true,y_pred
0,183.0,172.37924
1,171.0,164.35057
2,446.0,158.39073
3,290.0,165.13759
