,y_true,y_pred
0,305.0,63.279926
1,325.0,48.088943
2,33.0,51.47013
3,44.0,47.97573
