,y_true,y_pred
0,111.0,115.54735
1,112.0,115.45546
2,166.0,108.099365
3,169.0,109.58936
