,y_true,y_pred
0,278.0,63.22594
1,239.0,74.02248
2,75.0,67.153496
3,74.0,64.18484
