,y_true,y_pred
0,44.0,32.729465
1,44.0,32.64493
2,37.0,33.564827
3,45.0,33.086754
