,y_true,y_pred
0,78.0,82.07269
1,56.0,83.959175
2,306.0,82.8742
3,283.0,80.88035
