,y_true,y_pred
0,65.0,158.80688
1,201.0,160.22043
2,212.0,157.73405
3,186.0,156.78891
