,y_true,y_pred
0,143.0,157.67546
1,162.0,157.76938
2,585.9999999999999,157.48212
3,137.0,155.43593
