,y_true,y_pred
0,147.0,134.1776
1,205.0,140.97206
2,185.0,142.33055
3,185.0,144.12285
