,y_true,y_pred
0,147.0,141.72714
1,205.0,135.90964
2,185.0,132.87189
3,185.0,131.29811
