,y_true,y_pred
0,189.0,159.82857
1,179.0,148.5824
2,165.0,155.7994
3,135.0,147.73769
