,y_true,y_pred
0,49.0,31.888157
1,62.0,25.189121
2,119.0,22.185013
3,132.0,29.999199
