,y_true,y_pred
0,189.0,103.50061
1,179.0,96.91146
2,165.0,86.908195
3,135.0,91.89894
