,y_true,y_pred
0,49.0,85.17526
1,62.0,87.49284
2,119.0,85.38922
3,132.0,89.5307
