,y_true,y_pred
0,60.0,18.207489
1,104.0,27.444477
2,14.0,30.018948
3,7.0,23.967726
