,y_true,y_pred
0,189.0,155.40704
1,179.0,156.0734
2,165.0,153.55513
3,135.0,149.2025
