,y_true,y_pred
0,49.0,68.40173
1,62.0,68.13413
2,119.0,68.3081
3,132.0,69.88482
