,y_true,y_pred
0,60.0,21.741467
1,104.0,15.885951
2,14.0,22.562489
3,7.0,28.312183
