,y_true,y_pred
0,111.0,117.09854
1,147.0,115.69947
2,109.0,118.05521
3,96.0,115.527824
