,y_true,y_pred
0,67.0,72.28066
1,66.0,72.65869
2,149.0,71.295555
3,125.0,69.8832
