,y_true,y_pred
0,105.0,53.40256
1,146.0,70.22705
2,22.0,54.755867
3,21.0,70.956795
