,y_true,y_pred
0,70.0,64.020744
1,75.0,63.47331
2,40.0,63.728233
3,35.0,63.585716
