,y_true,y_pred
0,48.0,29.3704
1,64.0,31.960455
2,24.0,31.231176
3,23.0,31.247608
