,y_true,y_pred
0,105.0,71.93495
1,146.0,74.78497
2,22.0,76.26402
3,21.0,73.10765
