,y_true,y_pred
0,109.0,161.25438
1,119.0,165.85825
2,84.0,142.38025
3,120.0,144.19899
