,y_true,y_pred
0,105.0,51.06388
1,146.0,51.818314
2,22.0,48.07668
3,21.0,42.423485
