,y_true,y_pred
0,111.0,116.19463
1,147.0,119.26234
2,109.0,122.21151
3,96.0,121.352585
