,y_true,y_pred
0,60.0,25.73396
1,104.0,21.321117
2,14.0,20.31094
3,7.0,30.64138
