,y_true,y_pred
0,67.0,69.47452
1,66.0,69.923004
2,149.0,70.16715
3,125.0,74.377914
