,y_true,y_pred
0,206.0,160.13167
1,251.0,159.49036
2,221.0,153.52676
3,170.0,150.16763
