,y_true,y_pred
0,67.0,64.18422
1,66.0,63.978027
2,149.0,63.42692
3,125.0,75.14357
