,y_true,y_pred
0,31.0,41.88188
1,47.0,41.523796
2,189.0,36.984474
3,144.0,41.449734
