,y_true,y_pred
0,80.0,78.76312
1,86.0,76.13168
2,88.0,75.50619
3,87.0,75.58902
