,y_true,y_pred
0,48.0,31.820108
1,64.0,33.59577
2,24.0,33.5211
3,23.0,32.645374
