,y_true,y_pred
0,80.0,106.51888
1,86.0,108.96963
2,88.0,105.29048
3,87.0,103.13352
