,y_true,y_pred
0,60.0,18.697826
1,104.0,28.779743
2,14.0,34.578285
3,7.0,27.296007
