,y_true,y_pred
0,70.0,63.049164
1,75.0,63.34777
2,40.0,60.43117
3,35.0,63.939247
