,y_true,y_pred
0,206.0,176.72823
1,251.0,175.25876
2,221.0,172.62482
3,170.0,177.32512
