,y_true,y_pred
0,206.0,163.07915
1,251.0,164.97995
2,221.0,168.0853
3,170.0,169.03416
