,y_true,y_pred
0,105.0,46.69952
1,146.0,45.09321
2,22.0,44.0341
3,21.0,46.72992
