,y_true,y_pred
0,109.0,94.91551
1,119.0,96.834885
2,84.0,98.14228
3,120.0,96.95423
