,y_true,y_pred
0,206.0,171.68839
1,251.0,171.19678
2,221.0,168.715
3,170.0,166.60632
