,y_true,y_pred
0,109.0,100.62554
1,119.0,101.37787
2,84.0,100.75236
3,120.0,100.6228
