,y_true,y_pred
0,31.0,43.468178
1,47.0,43.152065
2,189.0,44.592697
3,144.0,56.74586
