,y_true,y_pred
0,67.0,113.83925
1,66.0,108.96167
2,149.0,105.642624
3,125.0,111.61346
