,y_true,y_pred
0,80.0,103.49283
1,86.0,104.78872
2,88.0,105.52192
3,87.0,106.04318
