,y_true,y_pred
0,109.0,95.965195
1,119.0,96.80542
2,84.0,94.62282
3,120.0,93.00246
