,y_true,y_pred
0,105.0,37.851505
1,146.0,40.58954
2,22.0,44.150043
3,21.0,31.06279
