,y_true,y_pred
0,31.0,41.622288
1,47.0,43.03013
2,189.0,42.745544
3,144.0,45.23729
