,y_true,y_pred
0,70.0,64.9555
1,75.0,66.05636
2,40.0,65.67182
3,35.0,64.71394
