,y_true,y_pred
0,80.0,104.87525
1,86.0,103.6611
2,88.0,104.87552
3,87.0,104.87556
