,y_true,y_pred
0,111.0,119.36198
1,147.0,117.50205
2,109.0,120.913185
3,96.0,118.12431
