,y_true,y_pred
0,189.0,221.7707
1,179.0,221.20142
2,165.0,221.7494
3,135.0,222.47354
