,y_true,y_pred
0,49.0,63.370636
1,62.0,63.498093
2,119.0,63.272778
3,132.0,62.162125
