,y_true,y_pred
0,49.0,59.104534
1,62.0,69.67816
2,119.0,62.624023
3,132.0,49.406876
