,y_true,y_pred
0,70.0,60.219524
1,75.0,59.531788
2,40.0,60.558586
3,35.0,59.7864
