,y_true,y_pred
0,111.0,122.53618
1,147.0,118.4831
2,109.0,120.477295
3,96.0,119.881775
