,y_true,y_pred
0,67.0,96.40238
1,66.0,103.2689
2,149.0,103.07034
3,125.0,112.12872
