,y_true,y_pred
0,111.0,110.14569
1,147.0,121.43662
2,109.0,115.40875
3,96.0,117.08913
