,y_true,y_pred
0,31.0,93.79956
1,47.0,94.98833
2,189.0,85.75056
3,144.0,80.51647
