,y_true,y_pred
0,48.0,35.503197
1,64.0,33.631226
2,24.0,33.313114
3,23.0,34.184654
