,y_true,y_pred
0,70.0,65.38117
1,75.0,61.856983
2,40.0,68.2189
3,35.0,66.24094
