,y_true,y_pred
0,60.0,24.369392
1,104.0,22.208412
2,14.0,21.525312
3,7.0,28.997456
