,y_true,y_pred
0,48.0,29.868063
1,64.0,31.991526
2,24.0,33.214603
3,23.0,31.213753
