,y_true,y_pred
0,206.0,178.61111
1,251.0,168.5038
2,221.0,170.40874
3,170.0,184.05222
