,y_true,y_pred
0,31.0,43.525673
1,47.0,43.124306
2,189.0,44.59783
3,144.0,64.309326
