,y_true,y_pred
0,189.0,205.02061
1,179.0,208.32072
2,165.0,203.98166
3,135.0,210.59904
