,y_true,y_pred
0,48.0,28.889082
1,64.0,29.482378
2,24.0,30.197334
3,23.0,30.290802
