,y_true,y_pred
0,80.0,90.47507
1,86.0,88.42884
2,88.0,90.40549
3,87.0,103.844055
