,y_true,y_pred
0,109.0,110.25783
1,119.0,117.37488
2,84.0,112.049545
3,120.0,99.35077
