,y_true,y_pred
0,203.0,181.99768
1,205.0,182.91269
2,308.0,183.16298
3,304.0,184.19681
