,y_true,y_pred
0,174.0,155.4904
1,215.0,155.36269
2,467.0,155.42021
3,375.0,155.51274
