,y_true,y_pred
0,267.0,150.9748
1,144.0,150.72456
2,159.0,147.95192
3,156.0,146.78351
